<?xml version="1.0" encoding="windows-1252"?>
<Collection name="Menu Pages" guid="{237805fb-fcc4-42e5-a1b5-5383850085d5}" system="No" updatable="Yes" blockNavigatorNode="No">
	<HelpLink>http://wiki.kmacloud.net/index.php?title=Menuing</HelpLink>
	<Help></Help>
	<Addon name="Bootstrap Nav 40" guid="{472f4a83-4c03-48c2-9852-b65e443c160c}" type="Add-on">
		<Copy></Copy>
		<CopyText></CopyText>
		<ActiveXProgramID></ActiveXProgramID>
		<DotNetClass><![CDATA[Contensive.Addons.MenuPages.Views.BootstrapNav40Class]]></DotNetClass>
		<ArgumentList></ArgumentList>
		<AsAjax>No</AsAjax>
		<Filter>No</Filter>
		<Help></Help>
		<HelpLink></HelpLink>
		<Icon Link="" width="0" height="0" sprites="0" />
		<InIframe>No</InIframe>
		<BlockEditTools>Yes</BlockEditTools>
		<FormXML></FormXML>
		<IsInline>No</IsInline>
		<JavascriptInHead></JavascriptInHead>
		<javascriptForceHead>No</javascriptForceHead>
		<JSHeadScriptSrc></JSHeadScriptSrc>
		<!-- deprecated --><JSBodyScriptSrc></JSBodyScriptSrc>
		<!-- deprecated --><JavascriptBodyEnd></JavascriptBodyEnd>
		<!-- deprecated --><JavascriptOnLoad></JavascriptOnLoad>
		<Content>Yes</Content>
		<Template>Yes</Template>
		<Email>No</Email>
		<Admin>No</Admin>
		<OnPageEndEvent>No</OnPageEndEvent>
		<OnPageStartEvent>No</OnPageStartEvent>
		<OnBodyStart>No</OnBodyStart>
		<OnBodyEnd>No</OnBodyEnd>
		<RemoteMethod>No</RemoteMethod>
		<ProcessRunOnce>No</ProcessRunOnce>
		<ProcessInterval>0</ProcessInterval>
		<MetaDescription></MetaDescription>
		<OtherHeadTags></OtherHeadTags>
		<PageTitle></PageTitle>
		<RemoteAssetLink></RemoteAssetLink>
		<Styles><![CDATA[
/*
************************************************
* Design Block common features
*/
.designBlockContainer {
	position: relative;
	background-size: cover;
}
.designBlockCover {
	position: absolute;
	top: 0;
	bottom: 0;
	left: 0;
	right: 0;
	height: 100%;
	width: 100%;
}
.dbEditHeader {
    border: 1px solid #000;
    background-color: #444;
    padding: 0 8px 0 4px;
    color: white;
    z-index: 1;
	/* for header, comment these two. For banner uncomment */
    position: relative;
}]]></Styles>
		<styleslinkhref></styleslinkhref>
		<Scripting Language="VBScript" EntryPoint="" Timeout="5000"/>
	</Addon>
	<Addon name="Menu Pages" guid="{57f513d1-9787-4edd-b652-2fee23c100fe}" type="Add-on">
		<Copy></Copy>
		<CopyText></CopyText>
		<ActiveXProgramID></ActiveXProgramID>
		<DotNetClass><![CDATA[Contensive.Addons.MenuPages.Views.MenuPagesClass]]></DotNetClass>
		<ArgumentList></ArgumentList>
		<AsAjax>No</AsAjax>
		<Filter>No</Filter>
		<Help></Help>
		<HelpLink></HelpLink>
		<Icon Link="" width="0" height="0" sprites="0" />
		<InIframe>No</InIframe>
		<BlockEditTools>No</BlockEditTools>
		<FormXML></FormXML>
		<IncludeAddon name="Bootstrap Styles" guid="{EF1FD66C-D62F-4BD2-BF07-38F47996EBB3}"/>
		<IncludeAddon name="Bootstrap Javascript" guid="{0D898BA4-E5FC-474A-82A3-E52DEFC307E5}"/>
		<IsInline>No</IsInline>
		<JavascriptInHead></JavascriptInHead>
		<javascriptForceHead>No</javascriptForceHead>
		<JSHeadScriptSrc></JSHeadScriptSrc>
		<!-- deprecated --><JSBodyScriptSrc></JSBodyScriptSrc>
		<!-- deprecated --><JavascriptBodyEnd></JavascriptBodyEnd>
		<!-- deprecated --><JavascriptOnLoad></JavascriptOnLoad>
		<Content>Yes</Content>
		<Template>Yes</Template>
		<Email>No</Email>
		<Admin>No</Admin>
		<OnPageEndEvent>No</OnPageEndEvent>
		<OnPageStartEvent>No</OnPageStartEvent>
		<OnBodyStart>No</OnBodyStart>
		<OnBodyEnd>No</OnBodyEnd>
		<RemoteMethod>No</RemoteMethod>
		<ProcessRunOnce>No</ProcessRunOnce>
		<ProcessInterval>0</ProcessInterval>
		<MetaDescription></MetaDescription>
		<OtherHeadTags></OtherHeadTags>
		<PageTitle></PageTitle>
		<RemoteAssetLink></RemoteAssetLink>
		<Styles></Styles>
		<styleslinkhref></styleslinkhref>
		<Scripting Language="VBScript" EntryPoint="" Timeout="5000"/>
	</Addon>
	<data>
		<record content="Navigator Entries" guid="{013E089D-87DE-476A-8E23-581DB78AF2C3}" name="Legacy Menus">
			<field name="active">True</field>
			<field name="addonid"></field>
			<field name="adminonly">False</field>
			<field name="contentid">{10816167-03CB-40ED-BACC-98F8AAF4760D}</field>
			<field name="developeronly">False</field>
			<field name="helpaddonid"></field>
			<field name="helpcollectionid"></field>
			<field name="installedbycollectionid"></field>
			<field name="linkpage"></field>
			<field name="navicontitle"></field>
			<field name="navicontype">3</field>
			<field name="newwindow">False</field>
			<field name="parentid">{F0F69580-0D13-4932-81D3-6BF0F88F9743}</field>
			<field name="sortorder"></field>
		</record>
		<record content="Navigator Entries" guid="{2B846F3A-B80C-45E3-9EED-E0474801A5F1}" name="Menus">
			<field name="active">True</field>
			<field name="addonid"></field>
			<field name="adminonly">False</field>
			<field name="contentid"></field>
			<field name="developeronly">False</field>
			<field name="helpaddonid"></field>
			<field name="helpcollectionid"></field>
			<field name="installedbycollectionid"></field>
			<field name="linkpage"></field>
			<field name="navicontitle"></field>
			<field name="navicontype"></field>
			<field name="newwindow">False</field>
			<field name="parentid">{F0F69580-0D13-4932-81D3-6BF0F88F9743}</field>
			<field name="sortorder"></field>
		</record>
	</data>
	<CDef Name="Menu Page Rules" guid="{B51DD7B1-E88C-4325-A95F-66022F073CE5}" ></CDef>
	<CDef Name="Menus" guid="{10816167-03CB-40ED-BACC-98F8AAF4760D}" >
		<Field Name="classtopparentitem" active="True" AdminOnly="False" Authorable="True" Caption="Top Parent Item Class" DeveloperOnly="False" EditSortPriority="2030" FieldType="Text" HTMLContent="False" IndexColumn="0" IndexSortDirection="" IndexSortOrder="0" IndexWidth="" RedirectID="" RedirectPath="" Required="False" TextBuffered="False" UniqueName="False" DefaultValue="topList" RSSTitle="False" RSSDescription="False" MemberSelectGroupID="0" EditTab="Styles" Scramble="False" LookupList="" NotEditable="False" Password="False" ReadOnly="False" ManyToManyRulePrimaryField="" ManyToManyRuleSecondaryField="" IsModified="False" IsBaseField="False" LookupContent="" RedirectContent="" ManyToManyContent="" ManyToManyRuleContent="" >
			<HelpDefault><![CDATA[The class added to the top level anchor tag when there is a downdown.]]></HelpDefault>
		</Field>
		<Field Name="classtopanchor" active="True" AdminOnly="False" Authorable="True" Caption="Top Anchor Class" DeveloperOnly="False" EditSortPriority="2040" FieldType="Text" HTMLContent="False" IndexColumn="0" IndexSortDirection="" IndexSortOrder="0" IndexWidth="" RedirectID="" RedirectPath="" Required="False" TextBuffered="False" UniqueName="False" DefaultValue="topList" RSSTitle="False" RSSDescription="False" MemberSelectGroupID="0" EditTab="Styles" Scramble="False" LookupList="" NotEditable="False" Password="False" ReadOnly="False" ManyToManyRulePrimaryField="" ManyToManyRuleSecondaryField="" IsModified="False" IsBaseField="False" LookupContent="" RedirectContent="" ManyToManyContent="" ManyToManyRuleContent="" >
			<HelpDefault><![CDATA[The class in the top level anchor tag.]]></HelpDefault>
		</Field>
		<Field Name="classtopparentanchor" active="True" AdminOnly="False" Authorable="True" Caption="Top Parent Anchor Class" DeveloperOnly="False" EditSortPriority="2050" FieldType="Text" HTMLContent="False" IndexColumn="0" IndexSortDirection="" IndexSortOrder="0" IndexWidth="" RedirectID="" RedirectPath="" Required="False" TextBuffered="False" UniqueName="False" DefaultValue="topList" RSSTitle="False" RSSDescription="False" MemberSelectGroupID="0" EditTab="Styles" Scramble="False" LookupList="" NotEditable="False" Password="False" ReadOnly="False" ManyToManyRulePrimaryField="" ManyToManyRuleSecondaryField="" IsModified="False" IsBaseField="False" LookupContent="" RedirectContent="" ManyToManyContent="" ManyToManyRuleContent="" >
			<HelpDefault><![CDATA[The class added to the top level anchor tag when there is a downdown.]]></HelpDefault>
		</Field>
		<Field Name="datatoggletopparentanchor" active="True" AdminOnly="False" Authorable="True" Caption="Top Parent Anchor data-toggle" DeveloperOnly="False" EditSortPriority="2060" FieldType="Text" HTMLContent="False" IndexColumn="0" IndexSortDirection="" IndexSortOrder="0" IndexWidth="" RedirectID="" RedirectPath="" Required="False" TextBuffered="False" UniqueName="False" DefaultValue="topList" RSSTitle="False" RSSDescription="False" MemberSelectGroupID="0" EditTab="Styles" Scramble="False" LookupList="" NotEditable="False" Password="False" ReadOnly="False" ManyToManyRulePrimaryField="" ManyToManyRuleSecondaryField="" IsModified="False" IsBaseField="False" LookupContent="" RedirectContent="" ManyToManyContent="" ManyToManyRuleContent="" >
			<HelpDefault><![CDATA[The data-toogle added to the top level anchor tag when there is a downdown.]]></HelpDefault>
		</Field>
		<Field Name="classtieranchor" active="True" AdminOnly="False" Authorable="True" Caption="Tier Anchor Class" DeveloperOnly="False" EditSortPriority="2130" FieldType="Text" HTMLContent="False" IndexColumn="0" IndexSortDirection="" IndexSortOrder="0" IndexWidth="" RedirectID="" RedirectPath="" Required="False" TextBuffered="False" UniqueName="False" DefaultValue="tierItem" RSSTitle="False" RSSDescription="False" MemberSelectGroupID="0" EditTab="Styles" Scramble="False" LookupList="" NotEditable="False" Password="False" ReadOnly="False" ManyToManyRulePrimaryField="" ManyToManyRuleSecondaryField="" IsModified="False" IsBaseField="False" LookupContent="" RedirectContent="" ManyToManyContent="" ManyToManyRuleContent="" >
			<HelpDefault><![CDATA[The class in each anchor element of a tier level ul]]></HelpDefault>
		</Field>
		<Field Name="pagesIncluded" active="True" AdminOnly="False" Authorable="True" Caption="Pages Included" DeveloperOnly="False" EditSortPriority="1100" FieldType="Redirect" HTMLContent="False" IndexColumn="" IndexSortDirection="" IndexSortOrder="" IndexWidth="" RedirectID="menuId" RedirectPath="" Required="False" TextBuffered="False" UniqueName="False" DefaultValue="" RSSTitle="False" RSSDescription="False" MemberSelectGroupID="" EditTab="" Scramble="False" LookupList="" NotEditable="False" Password="False" ReadOnly="False" ManyToManyRulePrimaryField="" ManyToManyRuleSecondaryField="" IsModified="True" IsBaseField="False" LookupContent="" RedirectContent="Menu Page Rules" ManyToManyContent="" ManyToManyRuleContent="" ></Field>
	</CDef>
	<ImportCollection name="Bootstrap">{2d3f9a21-9602-4549-b5df-5e09a9dae57e}</ImportCollection>
	<Resource name="arrow.gif" type="www" path="aomenuing" />
</Collection>