<?xml version="1.0" encoding="windows-1252"?>
<Collection name="Menuing" guid="{237805fb-fcc4-42e5-a1b5-5383850085d5}" system="No" updatable="Yes" blockNavigatorNode="No" onInstallAddonGuid="{77ABB6C0-D659-4F52-BEA5-4999551FFFEE}">
	<HelpLink>http://wiki.kmacloud.net/index.php?title=Menuing</HelpLink>
	<Help></Help>
	<Addon name="Menuing Install" guid="{77ABB6C0-D659-4F52-BEA5-4999551FFFEE}" type="Add-on">
		<DotNetClass><![CDATA[Contensive.Addons.Menuing.Views.OnInstallClass]]></DotNetClass>
	</Addon>
	<!--
		The menuing addon added to templates to create a menu.
		This is not a widget as it is not designed to drag-and-drop within a content box
		It is implemented by added this to the layout {% {"Navbar-Nav-Ul":{"instanceid":"Unique-Name-for-Menu"}} %}
	-->
	<Addon name="Navbar-Nav-UL" guid="{BA55D6D4-A0D5-4557-9B71-BF04EF0C8F6D}" type="Add-on">
    	<AliasList></AliasList>
		<instanceSettingPrimaryContentId><![CDATA[Menus]]></instanceSettingPrimaryContentId>
		<Copy></Copy>
		<CopyText></CopyText>
		<DotNetClass><![CDATA[Contensive.Addons.Menuing.Views.NavbarNavULAddon]]></DotNetClass>
		<ArgumentList></ArgumentList>
		<AsAjax>No</AsAjax>
		<Filter>No</Filter>
		<Help></Help>
		<HelpLink></HelpLink>
		<Icon Link="" width="0" height="0" sprites="0" />
		<InIframe>No</InIframe>
		<BlockEditTools>Yes</BlockEditTools>
		<FormXML></FormXML>
		<IsInline>No</IsInline>
		<JavascriptInHead><![CDATA[
			//
			// -- child list methods
			function saveNavbarNavSortable(listId) {
				console.log("saveNavbarNavSortable");
				var e, c, s;
				s = listId;
				e = document.getElementById(listId);
				for (i = 0; i < e.childNodes.length; i++) {
					c = e.childNodes[i];
					if (c.id) { s += "," + c.id }
				}
				$.ajax({
					dataType: "json",
					type : 'Get',
					url: '/SaveNavbarNavSortable?sortlist=' + s,
					success: function(data) { response(data); },
					error: function(data) { console.log("error in remote method"); }
				});
			}
			document.addEventListener("DOMContentLoaded", function(event) { 
				console.log("binding navbar-nav sortable");
				jQuery("ul.sortable").sortable({
					items: "li.ccEditWrapper",
					stop: function (event, ui) {
						console.log("stop-event, this.id [" + this.id + "]");
						saveNavbarNavSortable(jQuery(this).attr("id"));
					}
				});
			});	]]></JavascriptInHead>
		<javascriptForceHead>No</javascriptForceHead>
		<JSHeadScriptSrc></JSHeadScriptSrc>
		<Content>No</Content>
		<Template>no</Template>
		<Email>No</Email>
		<Admin>No</Admin>
		<Category>Extras.Navigation</Category>
		<OnPageEndEvent>No</OnPageEndEvent>
		<OnPageStartEvent>No</OnPageStartEvent>
		<OnBodyStart>No</OnBodyStart>
		<OnBodyEnd>No</OnBodyEnd>
		<RemoteMethod>No</RemoteMethod>
		<ProcessRunOnce>No</ProcessRunOnce>
		<ProcessInterval>0</ProcessInterval>
		<MetaDescription></MetaDescription>
		<OtherHeadTags></OtherHeadTags>
		<PageTitle></PageTitle>
		<RemoteAssetLink></RemoteAssetLink>
		<Styles></Styles>
		<styleslinkhref></styleslinkhref>
		<Scripting Language="VBScript" EntryPoint="" Timeout="5000"/>
	</Addon>
	<!--
		remote method to support add menu entry button
	-->
	<Addon name="AddMenuPage" guid="{6FD928F3-ABA5-4E4F-ACD2-BCD7661847DA}" type="Add-on">
		<DotNetClass><![CDATA[Contensive.Addons.Menuing.Views.AddMenuPageClass]]></DotNetClass>
		<RemoteMethod>yes</RemoteMethod>
	</Addon>
	<!--
		remote method to support sortable
	-->
	<Addon name="SaveNavbarNavSortable" guid="{FE57E908-893F-4F5C-B74D-AF50A75F2E6B}" type="Add-on">
		<DotNetClass><![CDATA[Contensive.Addons.Menuing.Views.SaveNavbarNavSortableRemote]]></DotNetClass>
		<RemoteMethod>yes</RemoteMethod>
	</Addon>
  <CDef Name="Menus"  guid="{10816167-03CB-40ED-BACC-98F8AAF4760D}" >
		<Field Name="Name" active="True" AdminOnly="False" Authorable="True" Caption="Name" DeveloperOnly="False" EditSortPriority="110" FieldType="Text" HTMLContent="False" IndexColumn="0" IndexSortDirection="" IndexSortOrder="0" IndexWidth="" RedirectID="" RedirectPath="" Required="False" TextBuffered="False" UniqueName="False" DefaultValue="" RSSTitle="False" RSSDescription="False" MemberSelectGroup="" EditTab="Control Info" Scramble="False" LookupList="" NotEditable="False" Password="False" ReadOnly="False" ManyToManyRulePrimaryField="" ManyToManyRuleSecondaryField="" IsModified="False" IsBaseField="False" LookupContent="" RedirectContent="" ManyToManyContent="" ManyToManyRuleContent="" >
			<HelpDefault><![CDATA[The name of this menu used only internally and will not display on the website. Create a name you will recognize when you see it in a list of other menu names.]]></HelpDefault>
		</Field>
		<Field Name="layoutId" active="True" AdminOnly="False" Authorable="True" Caption="Custom Menu Layout" DeveloperOnly="False" EditSortPriority="1000" FieldType="Lookup" HTMLContent="False" IndexColumn="0" IndexSortDirection="" IndexSortOrder="0" IndexWidth="" RedirectID="" RedirectPath="" Required="False" TextBuffered="False" UniqueName="False" DefaultValue="" RSSTitle="False" RSSDescription="False" MemberSelectGroup="" EditTab="Design" Scramble="False" LookupList="" NotEditable="False" Password="False" ReadOnly="False" ManyToManyRulePrimaryField="" ManyToManyRuleSecondaryField="" IsModified="False" IsBaseField="False" LookupContent="Layouts" RedirectContent="" ManyToManyContent="" ManyToManyRuleContent="" >
			<HelpDefault><![CDATA[Optional. If this menu requires a custom html layout, create a record in Layouts and select that new layout here. Select None and the default html layout will be used, 'Menu Navbar-Nav-UL Default Layout'. Do not edit this default layout as it will be updated with widget upgrades.]]></HelpDefault>
		</Field>
		<Field Name="Depth" active="1" AdminOnly="0" Authorable="1" Caption="Dropdown Depth" DeveloperOnly="0" EditSortPriority="1000" FieldType="Lookup" HTMLContent="0" IndexColumn="0" IndexSortDirection="0" IndexSortOrder="0" IndexWidth="0" RedirectID="" RedirectPath="" Required="False" TextBuffered="False" UniqueName="False" DefaultValue="2" RSSTitle="False" RSSDescription="False" MemberSelectGroup="" EditTab="" Scramble="False" LookupList="No Dropdown,1 Tier" NotEditable="False" Password="False" ReadOnly="False" ManyToManyRulePrimaryField="" ManyToManyRuleSecondaryField="" LookupContent="" RedirectContent="" ManyToManyContent="" ManyToManyRuleContent="" >
			<HelpDefault><![CDATA[Choose no flyout for a simple list. Choose Tier Page Flyout for a menu that includes a flyout for tier pages.]]></HelpDefault>
		</Field>
		<Field Name="addRootToTier" active="1" AdminOnly="0" Authorable="1" Caption="Add Root Page to Tier Dropdown" DeveloperOnly="0" EditSortPriority="1010" FieldType="Boolean" HTMLContent="0" IndexColumn="" IndexSortDirection="" IndexSortOrder="" IndexWidth="" RedirectID="" RedirectPath="" Required="False" TextBuffered="False" UniqueName="False" DefaultValue="0" RSSTitle="False" RSSDescription="False" MemberSelectGroup="" EditTab="" Scramble="False" LookupList="" NotEditable="False" Password="False" ReadOnly="False" ManyToManyRulePrimaryField="" ManyToManyRuleSecondaryField="" LookupContent="" RedirectContent="" ManyToManyContent="" ManyToManyRuleContent="" >
			<HelpDefault><![CDATA[For Tier Page Flyouts, when the flyout is activated by a click, check this box and the root page is added to the flyout menu]]></HelpDefault>
		</Field>
		<Field Name="includeBlockedFlyoutPages" active="1" AdminOnly="0" Authorable="1" Caption="Always Include Blocked Pages" DeveloperOnly="0" EditSortPriority="1020" FieldType="Boolean" HTMLContent="0" IndexColumn="" IndexSortDirection="" IndexSortOrder="" IndexWidth="" RedirectID="" RedirectPath="" Required="False" TextBuffered="False" UniqueName="False" DefaultValue="0" RSSTitle="False" RSSDescription="False" MemberSelectGroup="" EditTab="" Scramble="False" LookupList="" NotEditable="False" Password="False" ReadOnly="False" ManyToManyRulePrimaryField="" ManyToManyRuleSecondaryField="" LookupContent="" RedirectContent="" ManyToManyContent="" ManyToManyRuleContent="" >
			<HelpDefault><![CDATA[When a page is blocked, users without access do not see the page in the flyout menu. Check this box and blocked pages will be included. When a user clicks on the page they will be blocked.]]></HelpDefault>
		</Field>		
		<Field Name="classtopparentitem" active="1" AdminOnly="0" Authorable="0" Caption="Top Parent Item Class" DeveloperOnly="0" EditSortPriority="2030" FieldType="Text" HTMLContent="0" IndexColumn="0" IndexSortDirection="" IndexSortOrder="0" IndexWidth="" RedirectID="" RedirectPath="" Required="False" TextBuffered="False" UniqueName="False" DefaultValue="topList" RSSTitle="False" RSSDescription="False" MemberSelectGroupID="0" EditTab="Legacy" Scramble="False" LookupList="" NotEditable="False" Password="False" ReadOnly="False" ManyToManyRulePrimaryField="" ManyToManyRuleSecondaryField="" LookupContent="" RedirectContent="" ManyToManyContent="" ManyToManyRuleContent="" >
			<HelpDefault><![CDATA[The class added to the top level anchor tag when there is a dropdown.]]></HelpDefault>
		</Field>
		<Field Name="classtopanchor" active="1" AdminOnly="0" Authorable="0" Caption="Top Anchor Class" DeveloperOnly="0" EditSortPriority="2040" FieldType="Text" HTMLContent="0" IndexColumn="0" IndexSortDirection="" IndexSortOrder="0" IndexWidth="" RedirectID="" RedirectPath="" Required="False" TextBuffered="False" UniqueName="False" DefaultValue="topList" RSSTitle="False" RSSDescription="False" MemberSelectGroupID="0" EditTab="Legacy" Scramble="False" LookupList="" NotEditable="False" Password="False" ReadOnly="False" ManyToManyRulePrimaryField="" ManyToManyRuleSecondaryField="" LookupContent="" RedirectContent="" ManyToManyContent="" ManyToManyRuleContent="" >
			<HelpDefault><![CDATA[The class in the top level anchor tag.]]></HelpDefault>
		</Field>
		<Field Name="classtopparentanchor" active="1" AdminOnly="0" Authorable="0" Caption="Top Parent Anchor Class" DeveloperOnly="0" EditSortPriority="2050" FieldType="Text" HTMLContent="0" IndexColumn="0" IndexSortDirection="" IndexSortOrder="0" IndexWidth="" RedirectID="" RedirectPath="" Required="False" TextBuffered="False" UniqueName="False" DefaultValue="topList" RSSTitle="False" RSSDescription="False" MemberSelectGroupID="0" EditTab="Legacy" Scramble="False" LookupList="" NotEditable="False" Password="False" ReadOnly="False" ManyToManyRulePrimaryField="" ManyToManyRuleSecondaryField="" LookupContent="" RedirectContent="" ManyToManyContent="" ManyToManyRuleContent="" >
		<HelpDefault><![CDATA[The class added to the top level anchor tag when there is a dropdown.]]></HelpDefault>
		</Field>
		<Field Name="datatoggletopparentanchor" active="1" AdminOnly="0" Authorable="0" Caption="Top Parent Anchor data-toggle" DeveloperOnly="0" EditSortPriority="2060" FieldType="Text" HTMLContent="0" IndexColumn="0" IndexSortDirection="" IndexSortOrder="0" IndexWidth="" RedirectID="" RedirectPath="" Required="False" TextBuffered="False" UniqueName="False" DefaultValue="topList" RSSTitle="False" RSSDescription="False" MemberSelectGroupID="0" EditTab="Legacy" Scramble="False" LookupList="" NotEditable="False" Password="False" ReadOnly="False" ManyToManyRulePrimaryField="" ManyToManyRuleSecondaryField="" LookupContent="" RedirectContent="" ManyToManyContent="" ManyToManyRuleContent="" >
			<HelpDefault><![CDATA[The data-toogle added to the top level anchor tag when there is a dropdown.]]></HelpDefault>
		</Field>
		<Field Name="classtieranchor" active="1" AdminOnly="0" Authorable="0" Caption="Tier Anchor Class" DeveloperOnly="0" EditSortPriority="2130" FieldType="Text" HTMLContent="0" IndexColumn="0" IndexSortDirection="" IndexSortOrder="0" IndexWidth="" RedirectID="" RedirectPath="" Required="False" TextBuffered="False" UniqueName="False" DefaultValue="tierItem" RSSTitle="False" RSSDescription="False" MemberSelectGroupID="0" EditTab="Legacy" Scramble="False" LookupList="" NotEditable="False" Password="False" ReadOnly="False" ManyToManyRulePrimaryField="" ManyToManyRuleSecondaryField="" LookupContent="" RedirectContent="" ManyToManyContent="" ManyToManyRuleContent="" >
			<HelpDefault><![CDATA[The class in each anchor element of a tier level ul]]></HelpDefault>
		</Field>
		<Field Name="classTopWrapper" active="1" AdminOnly="0" Authorable="0" Caption="Top Wrapper Class" DeveloperOnly="0" EditSortPriority="2000" FieldType="Text" HTMLContent="0" IndexColumn="0" IndexSortDirection="" IndexSortOrder="0" IndexWidth="" RedirectID="" RedirectPath="" Required="False" TextBuffered="False" UniqueName="False" DefaultValue="aoMenuDefault " RSSTitle="False" RSSDescription="False" MemberSelectGroup="" EditTab="Legacy" Scramble="False" LookupList="" NotEditable="False" Password="False" ReadOnly="False" ManyToManyRulePrimaryField="" ManyToManyRuleSecondaryField="" LookupContent="" RedirectContent="" ManyToManyContent="" ManyToManyRuleContent="" >
			<HelpDefault><![CDATA[The class in the top level ul]]></HelpDefault>
		</Field>
		<Field Name="classTopList" active="1" AdminOnly="0" Authorable="0" Caption="Top List Class" DeveloperOnly="0" EditSortPriority="2010" FieldType="Text" HTMLContent="0" IndexColumn="0" IndexSortDirection="" IndexSortOrder="0" IndexWidth="" RedirectID="" RedirectPath="" Required="False" TextBuffered="False" UniqueName="False" DefaultValue="topList" RSSTitle="False" RSSDescription="False" MemberSelectGroup="" EditTab="Legacy" Scramble="False" LookupList="" NotEditable="False" Password="False" ReadOnly="False" ManyToManyRulePrimaryField="" ManyToManyRuleSecondaryField="" LookupContent="" RedirectContent="" ManyToManyContent="" ManyToManyRuleContent="" >
			<HelpDefault><![CDATA[The class in the top level ul]]></HelpDefault>
		</Field>
		<Field Name="classTopItem" active="1" AdminOnly="0" Authorable="0" Caption="Top Item Class" DeveloperOnly="0" EditSortPriority="2020" FieldType="Text" HTMLContent="0" IndexColumn="0" IndexSortDirection="" IndexSortOrder="0" IndexWidth="" RedirectID="" RedirectPath="" Required="False" TextBuffered="False" UniqueName="False" DefaultValue="topItem" RSSTitle="False" RSSDescription="False" MemberSelectGroup="" EditTab="Legacy" Scramble="False" LookupList="" NotEditable="False" Password="False" ReadOnly="False" ManyToManyRulePrimaryField="" ManyToManyRuleSecondaryField="" LookupContent="" RedirectContent="" ManyToManyContent="" ManyToManyRuleContent="" >
			<HelpDefault><![CDATA[The class in each li element of the top level ul]]></HelpDefault>
		</Field>
		<Field Name="classItemActive" active="1" AdminOnly="0" Authorable="0" Caption="Active Item Class" DeveloperOnly="0" EditSortPriority="2200" FieldType="Text" HTMLContent="0" IndexColumn="0" IndexSortDirection="" IndexSortOrder="0" IndexWidth="" RedirectID="" RedirectPath="" Required="False" TextBuffered="False" UniqueName="False" DefaultValue="activeItem" RSSTitle="False" RSSDescription="False" MemberSelectGroup="" EditTab="Legacy" Scramble="False" LookupList="" NotEditable="False" Password="False" ReadOnly="False" ManyToManyRulePrimaryField="" ManyToManyRuleSecondaryField="" LookupContent="" RedirectContent="" ManyToManyContent="" ManyToManyRuleContent="" >
			<HelpDefault><![CDATA[The class added to an item when it is the current page or section.]]></HelpDefault>
		</Field>
		<Field Name="classTierList" active="1" AdminOnly="0" Authorable="0" Caption="Tier List Class" DeveloperOnly="0" EditSortPriority="2110" FieldType="Text" HTMLContent="0" IndexColumn="0" IndexSortDirection="" IndexSortOrder="0" IndexWidth="" RedirectID="" RedirectPath="" Required="False" TextBuffered="False" UniqueName="False" DefaultValue="tierList" RSSTitle="False" RSSDescription="False" MemberSelectGroup="" EditTab="Legacy" Scramble="False" LookupList="" NotEditable="False" Password="False" ReadOnly="False" ManyToManyRulePrimaryField="" ManyToManyRuleSecondaryField="" LookupContent="" RedirectContent="" ManyToManyContent="" ManyToManyRuleContent="" >
			<HelpDefault><![CDATA[The class in each tier level ul]]></HelpDefault>
		</Field>
		<Field Name="classTierItem" active="1" AdminOnly="0" Authorable="0" Caption="Tier Item Class" DeveloperOnly="0" EditSortPriority="2120" FieldType="Text" HTMLContent="0" IndexColumn="0" IndexSortDirection="" IndexSortOrder="0" IndexWidth="" RedirectID="" RedirectPath="" Required="False" TextBuffered="False" UniqueName="False" DefaultValue="tierItem" RSSTitle="False" RSSDescription="False" MemberSelectGroup="" EditTab="Legacy" Scramble="False" LookupList="" NotEditable="False" Password="False" ReadOnly="False" ManyToManyRulePrimaryField="" ManyToManyRuleSecondaryField="" LookupContent="" RedirectContent="" ManyToManyContent="" ManyToManyRuleContent="" >
			<HelpDefault><![CDATA[The class in each li element of a tier level ul]]></HelpDefault>
		</Field>
		<Field Name="classItemFirst" active="1" AdminOnly="0" Authorable="0" Caption="First Item Class" DeveloperOnly="0" EditSortPriority="2210" FieldType="Text" HTMLContent="0" IndexColumn="0" IndexSortDirection="" IndexSortOrder="0" IndexWidth="" RedirectID="" RedirectPath="" Required="False" TextBuffered="False" UniqueName="False" DefaultValue="firstItem" RSSTitle="False" RSSDescription="False" MemberSelectGroup="" EditTab="Legacy" Scramble="False" LookupList="" NotEditable="False" Password="False" ReadOnly="False" ManyToManyRulePrimaryField="" ManyToManyRuleSecondaryField="" LookupContent="" RedirectContent="" ManyToManyContent="" ManyToManyRuleContent="" >
			<HelpDefault><![CDATA[The class added to the first li of all lists]]></HelpDefault>
		</Field>
		<Field Name="classItemLast" active="1" AdminOnly="0" Authorable="0" Caption="Last Item Class" DeveloperOnly="0" EditSortPriority="2220" FieldType="Text" HTMLContent="0" IndexColumn="0" IndexSortDirection="" IndexSortOrder="0" IndexWidth="" RedirectID="" RedirectPath="" Required="False" TextBuffered="False" UniqueName="False" DefaultValue="lastItem" RSSTitle="False" RSSDescription="False" MemberSelectGroup="" EditTab="Legacy" Scramble="False" LookupList="" NotEditable="False" Password="False" ReadOnly="False" ManyToManyRulePrimaryField="" ManyToManyRuleSecondaryField="" LookupContent="" RedirectContent="" ManyToManyContent="" ManyToManyRuleContent="" >
			<HelpDefault><![CDATA[The class added to the last li of all lists]]></HelpDefault>
		</Field>
		<Field Name="classItemHover" active="1" AdminOnly="0" Authorable="0" Caption="Hover Item Class" DeveloperOnly="0" EditSortPriority="2230" FieldType="Text" HTMLContent="0" IndexColumn="0" IndexSortDirection="" IndexSortOrder="0" IndexWidth="" RedirectID="" RedirectPath="" Required="False" TextBuffered="False" UniqueName="False" DefaultValue="hoverItem" RSSTitle="False" RSSDescription="False" MemberSelectGroup="" EditTab="Legacy" Scramble="False" LookupList="" NotEditable="False" Password="False" ReadOnly="False" ManyToManyRulePrimaryField="" ManyToManyRuleSecondaryField="" LookupContent="" RedirectContent="" ManyToManyContent="" ManyToManyRuleContent="" >
			<HelpDefault><![CDATA[Added to an item when the mouse is hovering over it or any of its parent items.]]></HelpDefault>
		</Field>
		<!-- 
			fields required for code library, but do not apply to navbar-nav-ul
		-->
		<Field Name="padtop" Caption="Top Padding" EditTab="Styles" FieldType="Boolean" Authorable="false" EditSortPriority="2000" DefaultValue="0" active="True" AdminOnly="False" DeveloperOnly="False" HTMLContent="False" Required="False" TextBuffered="False" UniqueName="False" RSSTitle="False" RSSDescription="False" MemberSelectGroup="" Scramble="False" LookupList="" NotEditable="False" Password="False" ReadOnly="False" ManyToManyRulePrimaryField="" ManyToManyRuleSecondaryField="" IsModified="False" IndexColumn="0" IndexSortDirection="" IndexSortOrder="0" IndexWidth="0" RedirectID="" RedirectPath="" IsBaseField="False" LookupContent="" RedirectContent="" ManyToManyContent="" ManyToManyRuleContent="" >
			<HelpDefault><![CDATA[Add space between the edge of the block and the content.]]></HelpDefault>
		</Field>
		<Field Name="padright" Caption="Right Padding" EditTab="Styles" FieldType="Boolean" Authorable="false" EditSortPriority="2010" DefaultValue="0" active="True" AdminOnly="False" DeveloperOnly="False" HTMLContent="False" Required="False" TextBuffered="False" UniqueName="False" RSSTitle="False" RSSDescription="False" MemberSelectGroup="" Scramble="False" LookupList="" NotEditable="False" Password="False" ReadOnly="False" ManyToManyRulePrimaryField="" ManyToManyRuleSecondaryField="" IsModified="False" IndexColumn="0" IndexSortDirection="" IndexSortOrder="0" IndexWidth="0" RedirectID="" RedirectPath="" IsBaseField="False" LookupContent="" RedirectContent="" ManyToManyContent="" ManyToManyRuleContent="" >
			<HelpDefault><![CDATA[Add space between the edge of the block and the content.]]></HelpDefault>
		</Field>
		<Field Name="padbottom" Caption="Bottom Padding" EditTab="Styles" FieldType="Boolean" Authorable="false" EditSortPriority="2020" DefaultValue="0" active="True" AdminOnly="False" DeveloperOnly="False" HTMLContent="False" Required="False" TextBuffered="False" UniqueName="False" RSSTitle="False" RSSDescription="False" MemberSelectGroup="" Scramble="False" LookupList="" NotEditable="False" Password="False" ReadOnly="False" ManyToManyRulePrimaryField="" ManyToManyRuleSecondaryField="" IsModified="False" IndexColumn="0" IndexSortDirection="" IndexSortOrder="0" IndexWidth="0" RedirectID="" RedirectPath="" IsBaseField="False" LookupContent="" RedirectContent="" ManyToManyContent="" ManyToManyRuleContent="" >
			<HelpDefault><![CDATA[Add space between the edge of the block and the content.]]></HelpDefault>
		</Field>
		<Field Name="padleft" Caption="Left Padding" EditTab="Styles" FieldType="Boolean" Authorable="false" EditSortPriority="2030" DefaultValue="0" active="True" AdminOnly="False" DeveloperOnly="False" HTMLContent="False" Required="False" TextBuffered="False" UniqueName="False" RSSTitle="False" RSSDescription="False" MemberSelectGroup="" Scramble="False" LookupList="" NotEditable="False" Password="False" ReadOnly="False" ManyToManyRulePrimaryField="" ManyToManyRuleSecondaryField="" IsModified="False" IndexColumn="0" IndexSortDirection="" IndexSortOrder="0" IndexWidth="0" RedirectID="" RedirectPath="" IsBaseField="False" LookupContent="" RedirectContent="" ManyToManyContent="" ManyToManyRuleContent="" >
			<HelpDefault><![CDATA[Add space between the edge of the block and the content.]]></HelpDefault>
		</Field>
		<Field Name="backgroundimagefilename" Caption="Background Image" EditTab="Styles" FieldType="File" Authorable="false" EditSortPriority="2040" DefaultValue="" active="True" AdminOnly="False" DeveloperOnly="False" HTMLContent="False" Required="False" TextBuffered="False" UniqueName="False" RSSTitle="False" RSSDescription="False" MemberSelectGroup="" Scramble="False" LookupList="" NotEditable="False" Password="False" ReadOnly="False" ManyToManyRulePrimaryField="" ManyToManyRuleSecondaryField="" IsModified="False" IndexColumn="0" IndexSortDirection="" IndexSortOrder="0" IndexWidth="0" RedirectID="" RedirectPath="" IsBaseField="False" LookupContent="" RedirectContent="" ManyToManyContent="" ManyToManyRuleContent="" >
			<HelpDefault><![CDATA[Add a background image to the design block. It will be reduced in size to cover the entire background.]]></HelpDefault>
		</Field>
		<Field Name="asfullbleed" Caption="Add Container Margin for Full Bleed template" EditTab="Styles" FieldType="Boolean" Authorable="false" EditSortPriority="2050" DefaultValue="0" active="True" AdminOnly="False" DeveloperOnly="False" HTMLContent="False" Required="False" TextBuffered="False" UniqueName="False" RSSTitle="False" RSSDescription="False" MemberSelectGroup="" Scramble="False" LookupList="" NotEditable="False" Password="False" ReadOnly="False" ManyToManyRulePrimaryField="" ManyToManyRuleSecondaryField="" IsModified="False" IndexColumn="0" IndexSortDirection="" IndexSortOrder="0" IndexWidth="0" RedirectID="" RedirectPath="" IsBaseField="False" LookupContent="" RedirectContent="" ManyToManyContent="" ManyToManyRuleContent="" >
			<HelpDefault><![CDATA[When not checked, this design block should be used within a container. When checked, the block is expected to span the full width of the screen and may create its own container.]]></HelpDefault>
		</Field>
		<Field Name="styleheight" Caption="Height (with units)" EditTab="Styles" FieldType="Text" Authorable="false" EditSortPriority="3000" DefaultValue="" active="True" AdminOnly="False" DeveloperOnly="False" HTMLContent="False" Required="False" TextBuffered="False" UniqueName="False" RSSTitle="False" RSSDescription="False" MemberSelectGroup="" Scramble="False" LookupList="" NotEditable="False" Password="False" ReadOnly="False" ManyToManyRulePrimaryField="" ManyToManyRuleSecondaryField="" IsModified="False" IndexColumn="0" IndexSortDirection="" IndexSortOrder="0" IndexWidth="" RedirectID="" RedirectPath="" IsBaseField="False" LookupContent="" RedirectContent="" ManyToManyContent="" ManyToManyRuleContent="" >
			<HelpDefault><![CDATA[Optional. Set a style height and the design block will be forced this this height. Include both the number and the units, like 500px or 20em.]]></HelpDefault>
		</Field>
		<Field Name="themestyleid" Caption="Block Wrapper Class" EditTab="Styles" FieldType="Lookup" Authorable="false" EditSortPriority="4020" DefaultValue="" active="True" AdminOnly="False" DeveloperOnly="False" HTMLContent="False" Required="False" TextBuffered="False" UniqueName="False" RSSTitle="False" RSSDescription="False" MemberSelectGroup="" Scramble="False" LookupList="" NotEditable="False" Password="False" ReadOnly="False" ManyToManyRulePrimaryField="" ManyToManyRuleSecondaryField="" IsModified="False" IndexColumn="0" IndexSortDirection="" IndexSortOrder="0" IndexWidth="0" RedirectID="" RedirectPath="" IsBaseField="False" LookupContent="Design Block Themes" RedirectContent="" ManyToManyContent="" ManyToManyRuleContent="" >
			<HelpDefault><![CDATA[Optional. Select a css class selector to be added to the block's wrapper. Use this feature to customize the layout styles. To add a custom style, add the css class selector in the content 'Design Block Themes' and add the css code to the style sheet in the site's theme addon.]]></HelpDefault>
		</Field>
	</CDef>
	<Resource name="NavbarNavULDefaultLayout.html" type="file" path="aomenuing" />
	<Resource name="HelpFiles.zip" type="privatefiles" path="helpfiles/aoMenuing" />	
	<!--
		Legacy menuing
		included to support old installations. Do not use.
	-->
	<Addon name="Menu Pages (legacy)" guid="{57f513d1-9787-4edd-b652-2fee23c100fe}" type="Add-on">
    	<AliasList>Menu Pages</AliasList>
		<DotNetClass><![CDATA[Contensive.Addons.Menuing.Views.LegacyMenuPagesClass]]></DotNetClass>
		<IncludeAddon name="Bootstrap" guid="{EF1FD66C-D62F-4BD2-BF07-38F47996EBB3}"/>
		<Content>no</Content>
		<Template>no</Template>
		<category><![CDATA[Extras.Navigation]]></category>
		<Styles><![CDATA[/*
			************************************************
			* Design Block common features
			*/
			.menuPagesCon .designBlockContainer {
				position: relative;
				background-size: cover;
			}
			.menuPagesCon .designBlockCover {
				position: absolute;
				top: 0;
				bottom: 0;
				left: 0;
				right: 0;
				height: 100%;
				width: 100%;
			}
			.menuPagesCon .dbSettingWrapper{
				border: 1px dashed #808080;
				border-top: none;
			}
			.menuPagesCon .dbSettingHeader {
				border: 1px solid #333;
				background-color: #555;
				padding: 0 8px 0 4px;
				color: white;
				z-index: 1;
				text-shadow: 1px 1px 1px #000;
			}
			.menuPagesCon .dbSettingHeader a,.menuPagesCon .dbSettingHeader a:hover {
				color: white;
				text-decoration: none;
			}]]></Styles>
		<styleslinkhref></styleslinkhref>
	</Addon>
	<!--
		Legacy menuing
		included to support old installations. Do not use.
	-->
	<Addon name="Navbar-UL (legacy)" guid="{38586A18-E5F9-431B-BBFC-006883663D3C}" type="Add-on">
    	<AliasList>Navbar-UL</AliasList>
		<instanceSettingPrimaryContentId><![CDATA[]]></instanceSettingPrimaryContentId>
		<Copy></Copy>
		<CopyText></CopyText>
		<DotNetClass><![CDATA[Contensive.Addons.Menuing.Views.LegacyNavbarULClass]]></DotNetClass>
		<ArgumentList></ArgumentList>
		<AsAjax>No</AsAjax>
		<Filter>No</Filter>
		<Help></Help>
		<HelpLink></HelpLink>
		<Icon Link="" width="0" height="0" sprites="0" />
		<InIframe>No</InIframe>
		<BlockEditTools>Yes</BlockEditTools>
		<FormXML></FormXML>
		<IsInline>No</IsInline>
		<JavascriptInHead><![CDATA[
			//
			// -- child list methods
			function saveNavbarNavSortable(listId) {
				console.log("saveNavbarNavSortable");
				const person = new Object();
				var e, c, s;
				s = listId;
				e = document.getElementById(listId);
				for (i = 0; i < e.childNodes.length; i++) {
					c = e.childNodes[i];
					if (c.id) { s += "," + c.id }
				}
				$.ajax({
					dataType: "json",
					type : 'Get',
					url: '/SaveNavbarNavSortable?sortlist=' + s,
					success: function(data) { response(data); },
					error: function(data) { console.log("error in remote method"); }
				});
			}
			$(function () {
				console.log("binding navbar-nav sortable");
				jQuery(".ccEditWrapper ul.navbar-nav").sortable({
					items: "li.ccEditWrapper",
					stop: function (event, ui) {
						saveNavbarNavSortable(jQuery(this).attr("id"));
					}
				});
			})]]></JavascriptInHead>
		<javascriptForceHead>No</javascriptForceHead>
		<JSHeadScriptSrc></JSHeadScriptSrc>
		<Content>No</Content>
		<Template>no</Template>
		<Email>No</Email>
		<Admin>No</Admin>
		<Category>Extras.Navigation</Category>
		<OnPageEndEvent>No</OnPageEndEvent>
		<OnPageStartEvent>No</OnPageStartEvent>
		<OnBodyStart>No</OnBodyStart>
		<OnBodyEnd>No</OnBodyEnd>
		<RemoteMethod>No</RemoteMethod>
		<ProcessRunOnce>No</ProcessRunOnce>
		<ProcessInterval>0</ProcessInterval>
		<MetaDescription></MetaDescription>
		<OtherHeadTags></OtherHeadTags>
		<PageTitle></PageTitle>
		<RemoteAssetLink></RemoteAssetLink>
		<Styles><![CDATA[
			/*
			************************************************
			* Design Block common features
			*/
			.bootstrapNavCon .designBlockContainer {
				position: relative;
				background-size: cover;
			}
			.bootstrapNavCon .designBlockCover {
				position: absolute;
				top: 0;
				bottom: 0;
				left: 0;
				right: 0;
				height: 100%;
				width: 100%;
			}
			.bootstrapNavCon .dbSettingWrapper{
				/*
				border: 1px dashed #808080;
				border-top: none;
				*/
			}
			.bootstrapNavCon .dbSettingHeader {
				border: 1px solid #333;
				background-color: #555;
				padding: 0 8px 0 4px;
				color: white;
				z-index: 1;
				text-shadow: 1px 1px 1px #000;
			}
			.bootstrapNavCon .dbSettingHeader a,.bootstrapNavCon .dbSettingHeader a:hover {
				color: white;
				text-decoration: none;
			}		
		]]></Styles>
		<styleslinkhref></styleslinkhref>
		<Scripting Language="VBScript" EntryPoint="" Timeout="5000"/>
	</Addon>
	<!--
		Legacy menuing
		included to support old installations. Do not use.
	-->
	<Addon name="Navbar-Li-List (legacy)" guid="{F56D2035-ECEB-4773-B4EF-8A0AB67E5AB0}" type="Add-on">
    	<AliasList>Navbar-Li-List</AliasList>
		<instanceSettingPrimaryContentId><![CDATA[]]></instanceSettingPrimaryContentId>
		<Copy></Copy>
		<CopyText></CopyText>
		<DotNetClass><![CDATA[Contensive.Addons.Menuing.Views.LegacyNavbarLiListClass]]></DotNetClass>
		<ArgumentList></ArgumentList>
		<AsAjax>No</AsAjax>
		<Filter>No</Filter>
		<Help></Help>
		<HelpLink></HelpLink>
		<Icon Link="" width="0" height="0" sprites="0" />
		<InIframe>No</InIframe>
		<BlockEditTools>Yes</BlockEditTools>
		<FormXML></FormXML>
		<IsInline>No</IsInline>
		<JavascriptInHead><![CDATA[
			//
			// -- child list methods
			function saveNavbarNavSortable(listId) {
				console.log("saveNavbarNavSortable");
				const person = new Object();
				var e, c, s;
				s = listId;
				e = document.getElementById(listId);
				for (i = 0; i < e.childNodes.length; i++) {
					c = e.childNodes[i];
					if (c.id) { s += "," + c.id }
				}
				$.ajax({
					dataType: "json",
					type : 'Get',
					url: '/SaveNavbarNavSortable?sortlist=' + s,
					success: function(data) { response(data); },
					error: function(data) { console.log("error in remote method"); }
				});
			}
			$(function () {
				console.log("binding navbar-nav sortable");
				jQuery(".ccEditWrapper ul.navbar-nav").sortable({
					items: "li.ccEditWrapper",
					stop: function (event, ui) {
						saveNavbarNavSortable(jQuery(this).attr("id"));
					}
				});
			})]]></JavascriptInHead>
		<javascriptForceHead>No</javascriptForceHead>
		<JSHeadScriptSrc></JSHeadScriptSrc>
		<Content>No</Content>
		<Template>no</Template>
		<Email>No</Email>
		<Admin>No</Admin>
		<Category>Extras.Navigation</Category>
		<OnPageEndEvent>No</OnPageEndEvent>
		<OnPageStartEvent>No</OnPageStartEvent>
		<OnBodyStart>No</OnBodyStart>
		<OnBodyEnd>No</OnBodyEnd>
		<RemoteMethod>No</RemoteMethod>
		<ProcessRunOnce>No</ProcessRunOnce>
		<ProcessInterval>0</ProcessInterval>
		<MetaDescription></MetaDescription>
		<OtherHeadTags></OtherHeadTags>
		<PageTitle></PageTitle>
		<RemoteAssetLink></RemoteAssetLink>
		<Styles><![CDATA[
			/*
			************************************************
			* Design Block common features
			*/
			.bootstrapNavCon .designBlockContainer {
				position: relative;
				background-size: cover;
			}
			.bootstrapNavCon .designBlockCover {
				position: absolute;
				top: 0;
				bottom: 0;
				left: 0;
				right: 0;
				height: 100%;
				width: 100%;
			}
			.bootstrapNavCon .dbSettingWrapper{
				/*
				border: 1px dashed #808080;
				border-top: none;
				*/
			}
			.bootstrapNavCon .dbSettingHeader {
				border: 1px solid #333;
				background-color: #555;
				padding: 0 8px 0 4px;
				color: white;
				z-index: 1;
				text-shadow: 1px 1px 1px #000;
			}
			.bootstrapNavCon .dbSettingHeader a,.bootstrapNavCon .dbSettingHeader a:hover {
				color: white;
				text-decoration: none;
			}		
		]]></Styles>
		<styleslinkhref></styleslinkhref>
		<Scripting Language="VBScript" EntryPoint="" Timeout="5000"/>
	</Addon>
	<!--
		Legacy menuing
		included to support old installations. Do not use.
	-->
	<Addon name="Navbar-Nav (legacy)" guid="{5DF19C31-F1C4-46B3-8FFC-78F5DE67105F}" type="Add-on">
    	<AliasList>Navbar-Nav,Bootstrap Nav Menu,Navbar Nav,Bootstrap Nav 40</AliasList>
		<instanceSettingPrimaryContentId><![CDATA[]]></instanceSettingPrimaryContentId>
		<Copy></Copy>
		<CopyText></CopyText>
		<DotNetClass><![CDATA[Contensive.Addons.Menuing.Views.LegacyNavbarNavClass]]></DotNetClass>
		<ArgumentList></ArgumentList>
		<AsAjax>No</AsAjax>
		<Filter>No</Filter>
		<Help></Help>
		<HelpLink></HelpLink>
		<Icon Link="" width="0" height="0" sprites="0" />
		<InIframe>No</InIframe>
		<BlockEditTools>Yes</BlockEditTools>
		<FormXML></FormXML>
		<IsInline>No</IsInline>
		<JavascriptInHead><![CDATA[
			//
			// -- child list methods
			function saveNavbarNavSortable(listId) {
				console.log("saveNavbarNavSortable");
				const person = new Object();
				var e, c, s;
				s = listId;
				e = document.getElementById(listId);
				for (i = 0; i < e.childNodes.length; i++) {
					c = e.childNodes[i];
					if (c.id) { s += "," + c.id }
				}
				$.ajax({
					dataType: "json",
					type : 'Get',
					url: '/SaveNavbarNavSortable?sortlist=' + s,
					success: function(data) { response(data); },
					error: function(data) { console.log("error in remote method"); }
				});
			}
			$(function () {
				console.log("binding navbar-nav sortable");
				jQuery(".ccEditWrapper ul.navbar-nav").sortable({
					items: "li.ccEditWrapper",
					stop: function (event, ui) {
						saveNavbarNavSortable(jQuery(this).attr("id"));
					}
				});
			})]]></JavascriptInHead>
		<javascriptForceHead>No</javascriptForceHead>
		<JSHeadScriptSrc></JSHeadScriptSrc>
		<Content>No</Content>
		<Template>no</Template>
		<Email>No</Email>
		<Admin>No</Admin>
		<Category>Extras.Navigation</Category>
		<OnPageEndEvent>No</OnPageEndEvent>
		<OnPageStartEvent>No</OnPageStartEvent>
		<OnBodyStart>No</OnBodyStart>
		<OnBodyEnd>No</OnBodyEnd>
		<RemoteMethod>No</RemoteMethod>
		<ProcessRunOnce>No</ProcessRunOnce>
		<ProcessInterval>0</ProcessInterval>
		<MetaDescription></MetaDescription>
		<OtherHeadTags></OtherHeadTags>
		<PageTitle></PageTitle>
		<RemoteAssetLink></RemoteAssetLink>
		<Styles><![CDATA[
			/*
			************************************************
			* Design Block common features
			*/
			.bootstrapNavCon .designBlockContainer {
				position: relative;
				background-size: cover;
			}
			.bootstrapNavCon .designBlockCover {
				position: absolute;
				top: 0;
				bottom: 0;
				left: 0;
				right: 0;
				height: 100%;
				width: 100%;
			}
			.bootstrapNavCon .dbSettingWrapper{
				/*
				border: 1px dashed #808080;
				border-top: none;
				*/
			}
			.bootstrapNavCon .dbSettingHeader {
				border: 1px solid #333;
				background-color: #555;
				padding: 0 8px 0 4px;
				color: white;
				z-index: 1;
				text-shadow: 1px 1px 1px #000;
			}
			.bootstrapNavCon .dbSettingHeader a,.bootstrapNavCon .dbSettingHeader a:hover {
				color: white;
				text-decoration: none;
			}		
		]]></Styles>
		<styleslinkhref></styleslinkhref>
		<Scripting Language="VBScript" EntryPoint="" Timeout="5000"/>
	</Addon>
		<!--
		Legacy menuing
		included to support old installations. Do not use.
	-->
	<Addon name="Menu (legacy)" guid="{57f513d1-9787-4edd-b652-2fee23c100fe}" type="Add-on">
    	<AliasList>Menu,Menu Pages</AliasList>
		<instanceSettingPrimaryContentId><![CDATA[Calls To Action]]></instanceSettingPrimaryContentId>
		<Copy></Copy>
		<CopyText></CopyText>
		<DotNetClass><![CDATA[Contensive.Addons.Menuing.Views.LegacyMenuPagesClass]]></DotNetClass>
		<ArgumentList></ArgumentList>
		<AsAjax>No</AsAjax>
		<Filter>No</Filter>
		<Help></Help>
		<HelpLink></HelpLink>
		<Icon Link="" width="0" height="0" sprites="0" />
		<InIframe>No</InIframe>
		<BlockEditTools>No</BlockEditTools>
		<FormXML></FormXML>
		<IncludeAddon name="Bootstrap" guid="{EF1FD66C-D62F-4BD2-BF07-38F47996EBB3}"/>
		<IsInline>No</IsInline>
		<JavascriptInHead></JavascriptInHead>
		<javascriptForceHead>No</javascriptForceHead>
		<JSHeadScriptSrc></JSHeadScriptSrc>
		<!-- deprecated --><JSBodyScriptSrc></JSBodyScriptSrc>
		<!-- deprecated --><JavascriptBodyEnd></JavascriptBodyEnd>
		<!-- deprecated --><JavascriptOnLoad></JavascriptOnLoad>
		<Content>no</Content>
		<Template>no</Template>
		<Email>No</Email>
		<Admin>No</Admin>
		<Category>Extras.Navigation</Category>
		<OnPageEndEvent>No</OnPageEndEvent>
		<OnPageStartEvent>No</OnPageStartEvent>
		<OnBodyStart>No</OnBodyStart>
		<OnBodyEnd>No</OnBodyEnd>
		<RemoteMethod>No</RemoteMethod>
		<ProcessRunOnce>No</ProcessRunOnce>
		<ProcessInterval>0</ProcessInterval>
		<MetaDescription></MetaDescription>
		<OtherHeadTags></OtherHeadTags>
		<PageTitle></PageTitle>
		<RemoteAssetLink></RemoteAssetLink>
		<Styles><![CDATA[

			/*
			************************************************
			* Design Block common features
			*/
			.menuPagesCon .designBlockContainer {
				position: relative;
				background-size: cover;
			}
			.menuPagesCon .designBlockCover {
				position: absolute;
				top: 0;
				bottom: 0;
				left: 0;
				right: 0;
				height: 100%;
				width: 100%;
			}
			.menuPagesCon .dbSettingWrapper{
				border: 1px dashed #808080;
				border-top: none;
			}
			.menuPagesCon .dbSettingHeader {
				border: 1px solid #333;
				background-color: #555;
				padding: 0 8px 0 4px;
				color: white;
				z-index: 1;
				text-shadow: 1px 1px 1px #000;
			}
			.menuPagesCon .dbSettingHeader a,.menuPagesCon .dbSettingHeader a:hover {
				color: white;
				text-decoration: none;
			}		
		]]></Styles>
		<styleslinkhref></styleslinkhref>
		<Scripting Language="VBScript" EntryPoint="" Timeout="5000"/>
	</Addon>
</Collection>