<?xml version="1.0" encoding="windows-1252"?>
<Collection name="Menuing" guid="{EA22C082-C723-41A6-858D-840B7801DB59}" system="Yes" updatable="Yes" blockNavigatorNode="No">
	<HelpLink>http://support.contensive.com/menuing-add-on</HelpLink>
	<Help></Help>
	<Addon name="Dynamic Menu" guid="{DB1821B3-F6E4-4766-A46E-48CA6C9E4C6E}" type="Add-on">
		<Copy></Copy>
		<CopyText><![CDATA[<AC type="DynamicMenu" Name="Dynamic Menu" QueryString="Menu=$menu name$&amp;MenuNew=$Create New Menu$">]]></CopyText>
		<ActiveXProgramID></ActiveXProgramID>
		<DotNetClass></DotNetClass>
		<ArgumentList><![CDATA[Menu Name=Default[list(Dynamic Menus)]
Create New Menu]]></ArgumentList>
		<AsAjax>No</AsAjax>
		<Filter>No</Filter>
		<Help></Help>
		<HelpLink></HelpLink>
		<Icon Link="" width="0" height="0" sprites="0" />
		<InIframe>No</InIframe>
		<BlockEditTools>No</BlockEditTools>
		<FormXML></FormXML>
		<IncludeAddon name="JQuery" guid="{9C882078-0DAC-48E3-AD4B-CF2AA230DF80}"/>
		<IsInline>No</IsInline>
		<JavascriptOnLoad></JavascriptOnLoad>
		<JavascriptInHead></JavascriptInHead>
		<JavascriptBodyEnd></JavascriptBodyEnd>
		<MetaDescription></MetaDescription>
		<OtherHeadTags></OtherHeadTags>
		<Content>No</Content>
		<Template>No</Template>
		<Email>No</Email>
		<Admin>No</Admin>
		<OnPageEndEvent>No</OnPageEndEvent>
		<OnPageStartEvent>No</OnPageStartEvent>
		<OnBodyStart>No</OnBodyStart>
		<OnBodyEnd>No</OnBodyEnd>
		<RemoteMethod>No</RemoteMethod>
		<ProcessRunOnce>No</ProcessRunOnce>
		<ProcessInterval>0</ProcessInterval>
		<PageTitle></PageTitle>
		<RemoteAssetLink></RemoteAssetLink>
		<Styles></Styles>
		<Scripting Language="" EntryPoint="" Timeout="5000"/>
	</Addon>
	<Addon name="Menu" guid="{9A433022-9E81-4498-892C-606B1C3F7C5C}" type="Add-on">
		<Copy></Copy>
		<CopyText></CopyText>
		<ActiveXProgramID><![CDATA[aoMenuing.liMenuClass]]></ActiveXProgramID>
		<DotNetClass></DotNetClass>
		<ArgumentList><![CDATA[Create New Menu=
Use Existing Menu=[listid(dynamic menus)]]]></ArgumentList>
		<AsAjax>No</AsAjax>
		<Filter>No</Filter>
		<Help></Help>
		<HelpLink></HelpLink>
		<Icon Link="" width="0" height="0" sprites="0" />
		<InIframe>No</InIframe>
		<BlockEditTools>No</BlockEditTools>
		<FormXML></FormXML>
		<IsInline>No</IsInline>
		<JavascriptOnLoad></JavascriptOnLoad>
		<JavascriptInHead><![CDATA[
//
// list menu globals ---------------------
//
var lmLastItemHovered = null;
var lmItemIsHovered = false;           // 1=turn on, 0=turn off after delay
var lmHoverModeUpdated = 0;
var lmClickButton = 0;
var lmMenuClicks = 0;
//
// ----- Set it Open, or set a 1 second autoclose
//	 newMode=1 to open
//	 newMode=0 to close in 1 second
//
function lmHover(event,hoverClass) {
	var listItem;
	var parentItem;
	lmItemIsHovered = true;
	listItem = lmGetListItem(event);
	if (listItem == null) return false;
	if (lmLastItemHovered != null) {
		// unhover last item if not item parent
		parentItem = listItem;
		while (parentItem != null && parentItem != lmLastItemHovered) {
			parentItem = getContainer( parentItem.parentNode, "LI" );
		}
		if (parentItem==null) {
			lmClearItemAndChildList(lmLastItemHovered);
		}
	}

	if (listItem != lmLastItemHovered || lmHoverModeUpdated == 1) {
		// Update the listItem's style so it looks down
		if (lmClickButton != 2) {
			listItem.className += " "+hoverClass;
			listItem.hoverClass = hoverClass;
		}
	}
	lmHoverModeUpdated = 1;
	lmLastItemHovered = listItem;
}
//
//
//
function lmUnHover(event,hoverClass) {
	lmItemIsHovered = false;
	setTimeout(function(){lmClearLastItemHovered(hoverClass)}, 1000);
}
//
//
//
function lmClearLastItemHovered(hoverClass) {
	if (lmItemIsHovered == false) {
		lmClearItemAndChildList(lmLastItemHovered);
		lmHideSelect(0);
		lmHoverModeUpdated = 1;
	}
}
//
//
//
function lmStopEvent(event) {
	if (browser.isIE) {
		window.event.cancelBubble = true;
	} else {
		event.stopPropagation();
	}
}
//
// -----
//
function lmOpenChildList(event, childListId, position, StyleSheetPrefix, OpenOnHover, hoverClass) {
	var listItem, x, y, offY, width, height;
	//
	if ((!(lmClickButton == 2 && outOfContext)) && browser.isIE) {
		lmHideSelect(true);
	}
	listItem = lmGetListItem(event);
	if (listItem == null) return false;
	if (browser.isIE) {
		offY = event.offsetY;
	}
	if (childListId == '') return false;
	width=document.body.scrollWidth;
	height=document.body.scrollHeight;
	listItem.blur();
	if (listItem.childList == null) {
		listItem.childList = document.getElementById(childListId);
		if (listItem.childList.title == "")
			lmInit(listItem.childList);
	}
	if (lmLastItemHovered != null)
		lmClearItemAndChildList(lmLastItemHovered);
	if (listItem != lmLastItemHovered || lmHoverModeUpdated == 1) {
		lmHoverModeUpdated = 0;
		// Update the listItem's style so it looks down
		if (lmClickButton != 2) {
			listItem.className += " "+hoverClass;
			listItem.hoverClass = hoverClass;
		}
		if (position==3) {
			// Flyout to the right
			x = listItem.offsetWidth;
			y = 0;
			//x = jQuery(listItem).position().left + listItem.offsetWidth;
			//y = jQuery(listItem).position().top;
		} else if (position==1) {
			// Flyout up
			x = 0;
			y = -listItem.childList.offsetHeight;
			//x = jQuery(listItem).position().left;
			//y = jQuery(listItem).position().top - listItem.childList.offsetHeight;
		} else if (position==4) {
			// Flyout to the left
			x = -listItem.childList.offsetWidth;
			y = 0;
			//x = jQuery(listItem).position().left - listItem.childList.offsetWidth;
			//y = jQuery(listItem).position().top;
		} else {
			// Flyout down
			x = 0;
			y = listItem.offsetHeight;
			//x = jQuery(listItem).position().left;
			//y = jQuery(listItem).position().top + listItem.offsetHeight;
		}

		if (lmClickButton == 2) {
			x = event.clientX;
			y = event.clientY;
			if (document.body) {
				x += document.body.scrollLeft;
				y += document.body.scrollTop;
			}
		}
		if ((x + listItem.childList.scrollWidth) > width) {
			x = width - listItem.childList.scrollWidth;
		}
		listItem.childList.style.left = x + "px";
		listItem.childList.style.top  = y + "px";
		// turn it on
		listItem.childList.style.visibility = "visible";
		listItem.childList.style.display = "block";
		lmLastItemHovered = listItem;
	}
	else {
		if (!OpenOnHover) {
			lmLastItemHovered = null;
			}
	}
	lmClickButton=1;
	return false;
}
//
// -----
//
function lmButtonHover(event,childListId,position,hoverClass) {
	var listItem;
	if (browser.isIE) {
		listItem = window.event.srcElement;
	} else {
		listItem = event.currentTarget;
	}
	if (lmLastItemHovered != null && lmLastItemHovered != listItem) {
		lmOpenChildList(event, childListId, position,'',false,hoverClass );
	}
}
//
// -----
//
function lmClearItemAndChildList(listItem) {
	if (listItem) {
		removeClassNameAfter(listItem, listItem.hoverClass);
		if (listItem.childList != null) {
			lmCloseChildList(listItem.childList);
			listItem.childList.style.visibility = "hidden";
		}
	}
}
//
// -----
//
function lmListHover(event,StyleSheetPrefix,hoverClass) {
	var parentList;
	//
	if (browser.isIE) {
		parentList = getContainer(window.event.srcElement, "UL");
	} else {
		parentList = event.currentTarget;
	}
	if (parentList.title != "") {
		if (parentList.activeItem == null) {
			// do nothing
		} else {
			lmCloseChildList(parentList);
		}
	}
}
//
// -----
//
function lmListItemHover(event, childListId, StyleSheetPrefix, hoverClass, tierItemClass, tierListClass) {
	var listItem, parentList, x, y, maxX, maxY;
	//
	if (browser.isIE) {
		listItem = getContainerWith(window.event.srcElement, "LI", tierItemClass);
	} else {
		listItem = event.currentTarget;
	}
	parentList = getContainerWith(listItem, "UL", tierListClass);
	if (parentList) {
		//
		// LI-parentList
		//
		if (parentList.activeItem == null) {
			// nothing
		} else {
			lmCloseChildList(parentList);
		}
		parentList.activeItem = listItem;
		listItem.className += " "+hoverClass;
		listItem.hoverClass = hoverClass;
		if (listItem.childList == null) {
			listItem.childList = document.getElementById(childListId);
			if (listItem.childList.title == "")
			//if (listItem.childList.isInitialized == null)
				lmInit(listItem.childList);
		}
		//alert('listItem.childList.id='+listItem.childList.id)
		x = listItem.offsetWidth;
		y = listItem.offsetTop;
		if (browser.isNS) {
			maxX = window.scrollX + window.innerWidth;
			maxY = window.scrollY + window.innerHeight;
		//alert('110 maxX='+maxX+', maxY='+maxY);
		}
		if (browser.isIE) {
			maxX = (document.documentElement.scrollLeft != 0 ? document.documentElement.scrollLeft   : document.body.scrollLeft)
				+ (document.documentElement.clientWidth  != 0 ? document.documentElement.clientWidth  : document.body.clientWidth);
			maxY = (document.documentElement.scrollTop    != 0 ? document.documentElement.scrollTop    : document.body.scrollTop)
				+ (document.documentElement.clientHeight != 0 ? document.documentElement.clientHeight : document.body.clientHeight);
		//alert('200 maxX='+maxX+', maxY='+maxY);
		}
		maxX -= listItem.childList.offsetWidth;
		maxY -= listItem.childList.offsetHeight;
		//alert('300 maxX='+maxX+', maxY='+maxY);
		if (x > maxX) {
			x = Math.max(0, x - listItem.offsetWidth - listItem.childList.offsetWidth + (parentList.offsetWidth - listItem.offsetWidth));
		}
		//alert('400 maxX='+maxX+', maxY='+maxY);
		y = Math.max(0, Math.min(y, maxY));
		listItem.childList.style.left = x + "px";
		if (browser.isMac) {
			if (browser.version>5.1) {
				listItem.childList.style.top  = y + "px";
			}
		} else {
			listItem.childList.style.top  = y + "px";
		}
		//alert('500 x='+x+', y='+y);
		listItem.childList.style.visibility = "visible";
		listItem.childList.style.display = "block";
		lmStopEvent(event);
		//if (browser.isIE) {
		//	window.event.cancelBubble = true;
		//} else {
		//	event.stopPropagation();
		//}
	}
}
//
// -----
//
function lmCloseChildList(list) {
	if (!list)
		return;
	if (list.activeItem == null)
		return;
	if (list.activeItem.childList) {
		lmCloseChildList(list.activeItem.childList);
		list.activeItem.childList.style.visibility = "hidden";
		//list.activeItem.childList.style.display = "none";
		list.activeItem.childList = null;
		}
	removeClassNameAfter(list.activeItem, list.activeItem.hoverClass);
	list.activeItem = null;
	}
//
// -----
//
function lmInit(list) {
	var itemList, spanList, textEl, arrowEl, itemWidth, w, dw, i, j;
	//
	itemList = list.getElementsByTagName("LI");
	if (itemList.length == 0) {
		list.title = 'Select One';
		list.activeItem = null
		return false;
	}
	if (browser.isIE) {
		w = itemList[0].offsetWidth;
		itemList[0].style.width = w + "px";
		dw = itemList[0].offsetWidth - w;
		w -= dw;
		itemList[0].style.width = w + "px";
	}
	list.title = 'Select One';
	list.activeItem = null
	}
function lmHideSelect(hiddenIn) {						
	var i, j;
	var index;
	var selects;
	//
	if (hiddenIn) {
		lmMenuClicks++;
	}
	//
	if (!hiddenIn && lmMenuClicks == 0 && !selectsHidden) {
		return;
	}
	// Hide MS Selects
	selects = document.getElementsByTagName("SELECT");
	if (selectsHidden && lmMenuClicks == 0) {
		for (i = 0; i < selects.length; i++) {
			selects[i].style.visibility = "";
		}
	}
	else {
		for (i = 0; i < selects.length; i++) {
			selects[i].style.visibility = "hidden";
		}
	}
	// Hide MS Embeds
	selects = document.getElementsByTagName("EMBED");
	if (selectsHidden && lmMenuClicks == 0) {
		for (i = 0; i < selects.length; i++) {
			selects[i].style.visibility = "";
		}
	}
	else {
		for (i = 0; i < selects.length; i++) {
			selects[i].style.visibility = "hidden";
		}
	}
	//
	if (selectsHidden && lmMenuClicks == 0) {
		selectsHidden = false;
	}
	//
	else if (selectsHidden && lmMenuClicks != 0 && lmClickButton != 2) {
		lmMenuClicks--;
	}
	//
	else {
		selectsHidden = true;
	}
}
//
// ----- Code for handling the menu bar and active listItem.
//
function lmPageClick(event) {
	//alert("lmPageClick");
	var el;
	var listItem;

	if (lmLastItemHovered == null) return;
	if (browser.isIE)
		el = window.event.srcElement;
	else
		el = (event.target.tagName ? event.target : event.target.parentNode);

	if (el == lmLastItemHovered)
		return true;
	listItem = getContainer(el,"LI");
	if (listItem) {
		if (listItem.hoverClass==null) {
			lmClearItemAndChildList(lmLastItemHovered);
			lmLastItemHovered = null;
		}
	}
}
//
//
//
function lmGetListItem(event) {
	var listItem;
	if (browser.isIE) {
		listItem = event.srcElement;
	} else {
		listItem = event.currentTarget;
	}
	if(listItem.tagName!='LI') {
		listItem = getContainer( listItem, 'LI' )
	}
	return listItem;
}
]]></JavascriptInHead>
		<JavascriptBodyEnd></JavascriptBodyEnd>
		<MetaDescription></MetaDescription>
		<OtherHeadTags></OtherHeadTags>
		<Content>Yes</Content>
		<Template>Yes</Template>
		<Email>No</Email>
		<Admin>No</Admin>
		<OnPageEndEvent>No</OnPageEndEvent>
		<OnPageStartEvent>No</OnPageStartEvent>
		<OnBodyStart>No</OnBodyStart>
		<OnBodyEnd>No</OnBodyEnd>
		<RemoteMethod>No</RemoteMethod>
		<ProcessRunOnce>No</ProcessRunOnce>
		<ProcessInterval>0</ProcessInterval>
		<PageTitle></PageTitle>
		<RemoteAssetLink></RemoteAssetLink>
		<Styles></Styles>
		<Scripting Language="" EntryPoint="" Timeout="5000"/>
	</Addon>
	<Addon name="Menu-Data" guid="{DC58B95B-1D7C-4133-80C5-2A9A43067AE9}" type="Add-on">
		<Copy></Copy>
		<CopyText></CopyText>
		<ActiveXProgramID><![CDATA[aoMenuing.SiteTreeClass]]></ActiveXProgramID>
		<DotNetClass></DotNetClass>
		<ArgumentList><![CDATA[Menu=Default[list(Dynamic Menus)]
MenuNew=]]></ArgumentList>
		<AsAjax>No</AsAjax>
		<Filter>No</Filter>
		<Help></Help>
		<HelpLink></HelpLink>
		<Icon Link="" width="0" height="0" sprites="0" />
		<InIframe>No</InIframe>
		<BlockEditTools>No</BlockEditTools>
		<FormXML></FormXML>
		<IsInline>No</IsInline>
		<JavascriptOnLoad></JavascriptOnLoad>
		<JavascriptInHead></JavascriptInHead>
		<JavascriptBodyEnd></JavascriptBodyEnd>
		<MetaDescription></MetaDescription>
		<OtherHeadTags></OtherHeadTags>
		<Content>No</Content>
		<Template>No</Template>
		<Email>No</Email>
		<Admin>No</Admin>
		<OnPageEndEvent>No</OnPageEndEvent>
		<OnPageStartEvent>No</OnPageStartEvent>
		<OnBodyStart>No</OnBodyStart>
		<OnBodyEnd>No</OnBodyEnd>
		<RemoteMethod>No</RemoteMethod>
		<ProcessRunOnce>No</ProcessRunOnce>
		<ProcessInterval>0</ProcessInterval>
		<PageTitle></PageTitle>
		<RemoteAssetLink></RemoteAssetLink>
		<Styles></Styles>
		<Scripting Language="" EntryPoint="" Timeout="5000"/>
	</Addon>
	<Addon name="Menu-Legacy" guid="{FD3FE4D7-96B5-4447-A25F-D13392FB5446}" type="Add-on">
		<Copy></Copy>
		<CopyText></CopyText>
		<ActiveXProgramID><![CDATA[aoMenuing.AMenuClass]]></ActiveXProgramID>
		<DotNetClass></DotNetClass>
		<ArgumentList><![CDATA[Create New Menu=
Use Existing Menu=[listid(dynamic menus)]]]></ArgumentList>
		<AsAjax>No</AsAjax>
		<Filter>No</Filter>
		<Help></Help>
		<HelpLink></HelpLink>
		<Icon Link="" width="0" height="0" sprites="0" />
		<InIframe>No</InIframe>
		<BlockEditTools>No</BlockEditTools>
		<FormXML></FormXML>
		<IncludeAddon name="JQuery" guid="{9C882078-0DAC-48E3-AD4B-CF2AA230DF80}"/>
		<IsInline>No</IsInline>
		<JavascriptOnLoad></JavascriptOnLoad>
		<JavascriptInHead><![CDATA[//
// list menu globals ---------------------
//
var amActiveButton = null;
var amHoverMode = 0;
var amHoverModeUpdated = 0;
var amClickButton;
//
// ----- Set it Open, or set a 1 second autoclose
//	 val=1 to open
//	 val=0 to close in 1 second
//
function amSetHoverMode(newMode) {
	amHoverMode = newMode;
	if (newMode==0) {
		setTimeout(amHoverModeClear, 1000);
	}
	if (newMode==1) {
		amHoverModeUpdated = 1;
	}
}
//
//
//
function amStopEvent(event) {
	if (browser.isIE) {
		window.event.cancelBubble = true;
	} else {
		event.stopPropagation();
	}
}
//
// -----
//
function amHoverModeClear() {
	if (amHoverMode == 0) {
		amResetButton(amActiveButton);
		amHideSelect(0);
		amHoverModeUpdated = 1;
	}
}
//
// -----
//
function amOpenPanel(event, menuId, position, StyleSheetPrefix, OpenOnHover) {
	var button, x, y, offY, width, height;
	//
	if ((!(amClickButton == 2 && outOfContext)) && browser.isIE) {
		amHideSelect(true);
	}
	if (browser.isIE) {
		offY = event.offsetY;
		button = event.srcElement;
	} else {
		button = event.currentTarget;
	}
	if(button.tagName!='A') {
		button = getContainer( button, 'A' )
		if (button == null) return false;
	}
	if (menuId == '') return false;
	width=document.body.scrollWidth;
	height=document.body.scrollHeight;
	button.blur();
	if (button.menu == null) {
		button.menu = document.getElementById(menuId);
		if (button.menu.title == "")
			amInit(button.menu);
	}
	if (amActiveButton != null)
		amResetButton(amActiveButton);
	if (button != amActiveButton || amHoverModeUpdated == 1) {
		amHoverModeUpdated = 0;
		// Update the button's style so it looks down
		if (amClickButton != 2) {
			button.className += " kmaMenuDown "+StyleSheetPrefix+"ButtonDown";
		}
		if (position==3) {
			// Flyout to the right
			x = jQuery(button).position().left + button.offsetWidth;
			y = jQuery(button).position().top;
		} else if (position==1) {
			// Flyout up
			x = jQuery(button).position().left;
			y = jQuery(button).position().top - button.menu.offsetHeight;
		} else if (position==4) {
			// Flyout to the left
			x = jQuery(button).position().left - button.menu.offsetWidth;
			y = jQuery(button).position().top;
		} else {
			// Flyout down
			x = jQuery(button).position().left;
			y = jQuery(button).position().top + button.offsetHeight;
		}

		if (amClickButton == 2) {
			x = event.clientX;
			y = event.clientY;
			if (document.body) {
				x += document.body.scrollLeft;
				y += document.body.scrollTop;
			}
		}
		if ((x + button.menu.scrollWidth) > width) {
			x = width - button.menu.scrollWidth;
		}
		button.menu.style.left = x + "px";
		button.menu.style.top  = y + "px";
		// turn it on
		button.menu.style.visibility = "visible";
		//button.menu.style.display = "block";
		amActiveButton = button;
	}
	else {
		if (!OpenOnHover) {
			amActiveButton = null;
			}
	}
	amClickButton=1;
	return false;
}
//
// -----
//
function amButtonHover(event, menuId, position) {
	var button;
	if (browser.isIE) {
		button = window.event.srcElement;
	} else {
		button = event.currentTarget;
	}
	if (amActiveButton != null && amActiveButton != button) {
		amOpenPanel(event, menuId, position);
	}
}
//
// -----
//
function amResetButton(button) {
	if (button) {
		removeClassNameAfter(button, "kmaMenuDown");
		if (button.menu != null) {
			amCloseSubMenu(button.menu);
			button.menu.style.visibility = "hidden";
			//button.menu.style.display = "none";
		}
	}
}
//
// -----
//
function amPanelHover(event, StyleSheetPrefix) {
	var menu;
	//
	if (browser.isIE) {
		menu = getContainerWith(window.event.srcElement, "UL", "panel");
		if (!menu) {
			menu = getContainerWith(window.event.srcElement, "DIV", StyleSheetPrefix+"Panel");
		}
	} else {
		menu = event.currentTarget;
	}
	if (menu.title != "") {
		if (menu.activeItem == null) {
			// do nothing
		} else {
			amCloseSubMenu(menu);
		}
	}
}
//
// -----
//
function amPanelButtonHover(event, menuId, StyleSheetPrefix) {
	var item, menu, x, y, maxX, maxY;
	//
	if (browser.isIE) {
		item = getContainerWith(window.event.srcElement, "LI", "panelButton");
		if (!item ) {
			item = getContainerWith(window.event.srcElement, "A", StyleSheetPrefix+"PanelButton");
		}
	} else {
		item = event.currentTarget;
	}
	menu = getContainerWith(item, "UL", "panel");
	if (menu) {
		//
		// LI-Menu
		//
		if (menu.activeItem == null) {
			// nothing
		} else {
			amCloseSubMenu(menu);
		}
		menu.activeItem = item;
		item.className += " kmaMenuDown "+StyleSheetPrefix+"PanelButtonDown";
		if (item.subMenu == null) {
			item.subMenu = document.getElementById(menuId);
			if (item.subMenu.title == "")
			//if (item.subMenu.isInitialized == null)
				amInit(item.subMenu);
		}
		//alert('item.subMenu.id='+item.subMenu.id)
		x = item.offsetWidth;
		y = item.offsetTop;
		if (browser.isNS) {
			maxX = window.scrollX + window.innerWidth;
			maxY = window.scrollY + window.innerHeight;
		//alert('110 maxX='+maxX+', maxY='+maxY);
		}
		if (browser.isIE) {
			maxX = (document.documentElement.scrollLeft != 0 ? document.documentElement.scrollLeft   : document.body.scrollLeft)
				+ (document.documentElement.clientWidth  != 0 ? document.documentElement.clientWidth  : document.body.clientWidth);
			maxY = (document.documentElement.scrollTop    != 0 ? document.documentElement.scrollTop    : document.body.scrollTop)
				+ (document.documentElement.clientHeight != 0 ? document.documentElement.clientHeight : document.body.clientHeight);
		//alert('200 maxX='+maxX+', maxY='+maxY);
		}
		maxX -= item.subMenu.offsetWidth;
		maxY -= item.subMenu.offsetHeight;
		//alert('300 maxX='+maxX+', maxY='+maxY);
		if (x > maxX) {
			x = Math.max(0, x - item.offsetWidth - item.subMenu.offsetWidth + (menu.offsetWidth - item.offsetWidth));
		}
		//alert('400 maxX='+maxX+', maxY='+maxY);
		y = Math.max(0, Math.min(y, maxY));
		item.subMenu.style.left = x + "px";
		if (browser.isMac) {
			if (browser.version>5.1) {
				item.subMenu.style.top  = y + "px";
			}
		} else {
			item.subMenu.style.top  = y + "px";
		}
		//alert('500 x='+x+', y='+y);
		item.subMenu.style.visibility = "visible";
		//item.subMenu.style.display = "block";
		amStopEvent(event);
		//if (browser.isIE) {
		//	window.event.cancelBubble = true;
		//} else {
		//	event.stopPropagation();
		//}
	} else {
		//
		// A-Menu
		//
		// alert('A-Menu')
		menu = getContainerWith(item, "DIV", StyleSheetPrefix+"Panel");
		if (menu.activeItem == null) {
			// nothing
		} else {
			amCloseSubMenu(menu);
		}
		menu.activeItem = item;
		item.className += " kmaMenuDown "+StyleSheetPrefix+"PanelButtondown";
		if (item.subMenu == null) {
			item.subMenu = document.getElementById(menuId);
			if (item.subMenu.title == "")
			//if (item.subMenu.isInitialized == null)
				amInit(item.subMenu);
		}
		x = jQuery(item).position().left + item.offsetWidth;
		y = jQuery(item).position().top;
		if (browser.isNS) {
			maxX = window.scrollX + window.innerWidth;
			maxY = window.scrollY + window.innerHeight;
		}
		if (browser.isIE) {
			maxX = (document.documentElement.scrollLeft != 0 ? document.documentElement.scrollLeft   : document.body.scrollLeft)
				+ (document.documentElement.clientWidth  != 0 ? document.documentElement.clientWidth  : document.body.clientWidth);
			maxY = (document.documentElement.scrollTop    != 0 ? document.documentElement.scrollTop    : document.body.scrollTop)
				+ (document.documentElement.clientHeight != 0 ? document.documentElement.clientHeight : document.body.clientHeight);
		}
		maxX -= item.subMenu.offsetWidth;
		maxY -= item.subMenu.offsetHeight;
		if (x > maxX) {
			x = Math.max(0, x - item.offsetWidth - item.subMenu.offsetWidth + (menu.offsetWidth - item.offsetWidth));
		}
		y = Math.max(0, Math.min(y, maxY));
		item.subMenu.style.left = x + "px";
		if (browser.isMac) {
			if (browser.version>5.1) {
				item.subMenu.style.top  = y + "px";
			}
		} else {
			item.subMenu.style.top  = y + "px";
		}
		item.subMenu.style.visibility = "visible";
		amStopEvent(event);
		//if (browser.isIE) {
		//	window.event.cancelBubble = true;
		//} else {
		//	event.stopPropagation();
		//}
	}
}
//
// -----
//
function amCloseSubMenu(menu) {
	if (!menu)
		return;
	if (menu.activeItem == null)
		return;
	if (menu.activeItem.subMenu) {
		amCloseSubMenu(menu.activeItem.subMenu);
		menu.activeItem.subMenu.style.visibility = "hidden";
		//menu.activeItem.subMenu.style.display = "none";
		menu.activeItem.subMenu = null;
		}
	removeClassNameAfter(menu.activeItem, "kmaMenuDown");
	menu.activeItem = null;
	}
//
// -----
//
function amInit(menu) {
	var itemList, spanList, textEl, arrowEl, itemWidth, w, dw, i, j;
	//
	itemList = menu.getElementsByTagName("LI");
	if (itemList.length == 0) {
		itemList = menu.getElementsByTagName("A");
	}
	if (itemList.length == 0) {
		menu.title = 'Select One';
		menu.activeItem = null
		return false;
	}
	if (browser.isIE) {
		w = itemList[0].offsetWidth;
		itemList[0].style.width = w + "px";
		dw = itemList[0].offsetWidth - w;
		w -= dw;
		itemList[0].style.width = w + "px";
	}
	menu.title = 'Select One';
	menu.activeItem = null
	}
function amHideSelect(hiddenIn) {						
	var i, j;
	var index;
	var selects;
	//
	if (hiddenIn) {
		menuClicks++;
	}
	//
	if (!hiddenIn && menuClicks == 0 && !selectsHidden) {
		return;
	}
	// Hide MS Selects
	selects = document.getElementsByTagName("SELECT");
	if (selectsHidden && menuClicks == 0) {
		for (i = 0; i < selects.length; i++) {
			selects[i].style.visibility = "";
		}
	}
	else {
		for (i = 0; i < selects.length; i++) {
			selects[i].style.visibility = "hidden";
		}
	}
	// Hide MS Embeds
	selects = document.getElementsByTagName("EMBED");
	if (selectsHidden && menuClicks == 0) {
		for (i = 0; i < selects.length; i++) {
			selects[i].style.visibility = "";
		}
	}
	else {
		for (i = 0; i < selects.length; i++) {
			selects[i].style.visibility = "hidden";
		}
	}
	//
	if (selectsHidden && menuClicks == 0) {
		selectsHidden = false;
	}
	//
	else if (selectsHidden && menuClicks != 0 && amClickButton != 2) {
		menuClicks--;
	}
	//
	else {
		selectsHidden = true;
	}
}
//
// ----- Code for handling the menu bar and active button.
//
function amPageClick(event) {
	//alert("ampageClick");
	var el;

	if (amActiveButton == null) return;
	if (browser.isIE)
		el = window.event.srcElement;
	else
		el = (event.target.tagName ? event.target : event.target.parentNode);

	if (el == amActiveButton)
		return true;
	if (getContainerWith(el, "DIV", "kmaMenu") == null) {
		amResetButton(amActiveButton);
		amActiveButton = null;
	}
}

document.addEventListener("mousedown", amPageClick, true);


]]></JavascriptInHead>
		<JavascriptBodyEnd></JavascriptBodyEnd>
		<MetaDescription></MetaDescription>
		<OtherHeadTags></OtherHeadTags>
		<Content>No</Content>
		<Template>No</Template>
		<Email>No</Email>
		<Admin>No</Admin>
		<OnPageEndEvent>No</OnPageEndEvent>
		<OnPageStartEvent>No</OnPageStartEvent>
		<OnBodyStart>No</OnBodyStart>
		<OnBodyEnd>No</OnBodyEnd>
		<RemoteMethod>No</RemoteMethod>
		<ProcessRunOnce>No</ProcessRunOnce>
		<ProcessInterval>0</ProcessInterval>
		<PageTitle></PageTitle>
		<RemoteAssetLink></RemoteAssetLink>
		<Styles></Styles>
		<Scripting Language="" EntryPoint="" Timeout="5000"/>
	</Addon>
	<CDef Name="Site Sections" guid="{C77591FA-D203-45F5-BBF7-71787D6CF8C0}" >
		<Field Name="MenuImageDownFilename" active="True" AdminOnly="False" Authorable="True" Caption="Menu Image Current" DeveloperOnly="False" EditSortPriority="1302" FieldType="Image" HTMLContent="False" IndexColumn="" IndexSortDirection="" IndexSortOrder="" IndexWidth="" RedirectID="" RedirectPath="" Required="False" TextBuffered="False" UniqueName="False" DefaultValue="" RSSTitle="False" RSSDescription="False" MemberSelectGroupID="" EditTab="Features" Scramble="False" LookupList="" NotEditable="False" Password="False" ReadOnly="False" ManyToManyRulePrimaryField="" ManyToManyRuleSecondaryField="" IsModified="True" IsBaseField="False" LookupContent="" RedirectContent="" ManyToManyContent="" ManyToManyRuleContent="" >
			<HelpDefault>If your menus use graphic images, this image will be used when this section is the current section. If blank, the Menu Image will be used.</HelpDefault>
		</Field>
		<Field Name="menuImageDownOverFilename" active="True" AdminOnly="False" Authorable="True" Caption="Menu Image Current Down" DeveloperOnly="False" EditSortPriority="1303" FieldType="Image" HTMLContent="False" IndexColumn="" IndexSortDirection="" IndexSortOrder="" IndexWidth="" RedirectID="" RedirectPath="" Required="False" TextBuffered="False" UniqueName="False" DefaultValue="" RSSTitle="False" RSSDescription="False" MemberSelectGroupID="" EditTab="Features" Scramble="False" LookupList="" NotEditable="False" Password="False" ReadOnly="False" ManyToManyRulePrimaryField="" ManyToManyRuleSecondaryField="" IsModified="True" IsBaseField="False" LookupContent="" RedirectContent="" ManyToManyContent="" ManyToManyRuleContent="" >
			<HelpDefault>If your menus use graphic images, this image will be used when this section is the current section and the mouse is over this menu entry. If blank, the Menu Image Rollover will be used.</HelpDefault>
		</Field>
	</CDef>
	<CDef Name="Dynamic Menus" guid="{C1E5010A-8D2A-4B64-B500-A86DDE2CCD81}" >
		<Field Name="JavaScriptOnLoad" active="True" AdminOnly="False" Authorable="True" Caption="onLoad Event" DeveloperOnly="False" EditSortPriority="3310" FieldType="LongText" HTMLContent="False" IndexColumn="0" IndexSortDirection="" IndexSortOrder="0" IndexWidth="0" RedirectID="" RedirectPath="" Required="False" TextBuffered="False" UniqueName="False" DefaultValue="" RSSTitle="False" RSSDescription="False" MemberSelectGroupID="0" EditTab="Javascript" Scramble="False" LookupList="" NotEditable="False" Password="False" ReadOnly="False" ManyToManyRulePrimaryField="" ManyToManyRuleSecondaryField="" IsModified="False" IsBaseField="False" LookupContent="" RedirectContent="" ManyToManyContent="" ManyToManyRuleContent="" >
			<HelpDefault>Include javascript commands to be run from the body&#39;s onLoad event</HelpDefault>
		</Field>
		<Field Name="JSFilename" active="True" AdminOnly="False" Authorable="True" Caption="In Head" DeveloperOnly="False" EditSortPriority="3320" FieldType="JavascriptFile" HTMLContent="False" IndexColumn="0" IndexSortDirection="" IndexSortOrder="0" IndexWidth="0" RedirectID="" RedirectPath="" Required="False" TextBuffered="False" UniqueName="False" DefaultValue="" RSSTitle="False" RSSDescription="False" MemberSelectGroupID="0" EditTab="Javascript" Scramble="False" LookupList="" NotEditable="False" Password="False" ReadOnly="False" ManyToManyRulePrimaryField="" ManyToManyRuleSecondaryField="" IsModified="False" IsBaseField="False" LookupContent="" RedirectContent="" ManyToManyContent="" ManyToManyRuleContent="" >
			<HelpDefault>Include any javascript code you would like added to the document&#39;s head. Do not include the script tags.</HelpDefault>
		</Field>
		<Field Name="classTopWrapper" active="True" AdminOnly="False" Authorable="True" Caption="Top Wrapper Class" DeveloperOnly="False" EditSortPriority="2000" FieldType="Text" HTMLContent="False" IndexColumn="0" IndexSortDirection="" IndexSortOrder="0" IndexWidth="" RedirectID="" RedirectPath="" Required="False" TextBuffered="False" UniqueName="False" DefaultValue="aoMenuDefault " RSSTitle="False" RSSDescription="False" MemberSelectGroupID="0" EditTab="Styles" Scramble="False" LookupList="" NotEditable="False" Password="False" ReadOnly="False" ManyToManyRulePrimaryField="" ManyToManyRuleSecondaryField="" IsModified="False" IsBaseField="False" LookupContent="" RedirectContent="" ManyToManyContent="" ManyToManyRuleContent="" >
			<HelpDefault>The class in the top level ul</HelpDefault>
		</Field>
		<Field Name="classTopList" active="True" AdminOnly="False" Authorable="True" Caption="Top List Class" DeveloperOnly="False" EditSortPriority="2010" FieldType="Text" HTMLContent="False" IndexColumn="0" IndexSortDirection="" IndexSortOrder="0" IndexWidth="" RedirectID="" RedirectPath="" Required="False" TextBuffered="False" UniqueName="False" DefaultValue="topList" RSSTitle="False" RSSDescription="False" MemberSelectGroupID="0" EditTab="Styles" Scramble="False" LookupList="" NotEditable="False" Password="False" ReadOnly="False" ManyToManyRulePrimaryField="" ManyToManyRuleSecondaryField="" IsModified="False" IsBaseField="False" LookupContent="" RedirectContent="" ManyToManyContent="" ManyToManyRuleContent="" >
			<HelpDefault>The class in the top level ul</HelpDefault>
		</Field>
		<Field Name="classTopItem" active="True" AdminOnly="False" Authorable="True" Caption="Top Item Class" DeveloperOnly="False" EditSortPriority="2020" FieldType="Text" HTMLContent="False" IndexColumn="0" IndexSortDirection="" IndexSortOrder="0" IndexWidth="" RedirectID="" RedirectPath="" Required="False" TextBuffered="False" UniqueName="False" DefaultValue="topItem" RSSTitle="False" RSSDescription="False" MemberSelectGroupID="0" EditTab="Styles" Scramble="False" LookupList="" NotEditable="False" Password="False" ReadOnly="False" ManyToManyRulePrimaryField="" ManyToManyRuleSecondaryField="" IsModified="False" IsBaseField="False" LookupContent="" RedirectContent="" ManyToManyContent="" ManyToManyRuleContent="" >
			<HelpDefault>The class in each li element of the top level ul</HelpDefault>
		</Field>
		<Field Name="classItemActive" active="True" AdminOnly="False" Authorable="True" Caption="Active Item Class" DeveloperOnly="False" EditSortPriority="2200" FieldType="Text" HTMLContent="False" IndexColumn="0" IndexSortDirection="" IndexSortOrder="0" IndexWidth="" RedirectID="" RedirectPath="" Required="False" TextBuffered="False" UniqueName="False" DefaultValue="activeItem" RSSTitle="False" RSSDescription="False" MemberSelectGroupID="0" EditTab="Styles" Scramble="False" LookupList="" NotEditable="False" Password="False" ReadOnly="False" ManyToManyRulePrimaryField="" ManyToManyRuleSecondaryField="" IsModified="False" IsBaseField="False" LookupContent="" RedirectContent="" ManyToManyContent="" ManyToManyRuleContent="" >
			<HelpDefault>The class added to an item when it is the current page or section.</HelpDefault>
		</Field>
		<Field Name="classTierWrapper" active="False" AdminOnly="False" Authorable="False" Caption="Tier Wrapper Class" DeveloperOnly="False" EditSortPriority="2100" FieldType="Text" HTMLContent="False" IndexColumn="0" IndexSortDirection="" IndexSortOrder="0" IndexWidth="" RedirectID="" RedirectPath="" Required="False" TextBuffered="False" UniqueName="False" DefaultValue="tierWrapper" RSSTitle="False" RSSDescription="False" MemberSelectGroupID="0" EditTab="Styles" Scramble="False" LookupList="" NotEditable="False" Password="False" ReadOnly="False" ManyToManyRulePrimaryField="" ManyToManyRuleSecondaryField="" IsModified="False" IsBaseField="False" LookupContent="" RedirectContent="" ManyToManyContent="" ManyToManyRuleContent="" >
			<HelpDefault>The class in the div wrapping each tier level ul</HelpDefault>
		</Field>
		<Field Name="classTierList" active="True" AdminOnly="False" Authorable="True" Caption="Tier List Class" DeveloperOnly="False" EditSortPriority="2110" FieldType="Text" HTMLContent="False" IndexColumn="0" IndexSortDirection="" IndexSortOrder="0" IndexWidth="" RedirectID="" RedirectPath="" Required="False" TextBuffered="False" UniqueName="False" DefaultValue="tierList" RSSTitle="False" RSSDescription="False" MemberSelectGroupID="0" EditTab="Styles" Scramble="False" LookupList="" NotEditable="False" Password="False" ReadOnly="False" ManyToManyRulePrimaryField="" ManyToManyRuleSecondaryField="" IsModified="False" IsBaseField="False" LookupContent="" RedirectContent="" ManyToManyContent="" ManyToManyRuleContent="" >
			<HelpDefault>The class in each tier level ul</HelpDefault>
		</Field>
		<Field Name="classTierItem" active="True" AdminOnly="False" Authorable="True" Caption="Tier Item Class" DeveloperOnly="False" EditSortPriority="2120" FieldType="Text" HTMLContent="False" IndexColumn="0" IndexSortDirection="" IndexSortOrder="0" IndexWidth="" RedirectID="" RedirectPath="" Required="False" TextBuffered="False" UniqueName="False" DefaultValue="tierItem" RSSTitle="False" RSSDescription="False" MemberSelectGroupID="0" EditTab="Styles" Scramble="False" LookupList="" NotEditable="False" Password="False" ReadOnly="False" ManyToManyRulePrimaryField="" ManyToManyRuleSecondaryField="" IsModified="False" IsBaseField="False" LookupContent="" RedirectContent="" ManyToManyContent="" ManyToManyRuleContent="" >
			<HelpDefault>The class in each li element of a tier level ul</HelpDefault>
		</Field>
		<Field Name="classItemFirst" active="True" AdminOnly="False" Authorable="True" Caption="First Item Class" DeveloperOnly="False" EditSortPriority="2210" FieldType="Text" HTMLContent="False" IndexColumn="0" IndexSortDirection="" IndexSortOrder="0" IndexWidth="" RedirectID="" RedirectPath="" Required="False" TextBuffered="False" UniqueName="False" DefaultValue="firstItem" RSSTitle="False" RSSDescription="False" MemberSelectGroupID="0" EditTab="Styles" Scramble="False" LookupList="" NotEditable="False" Password="False" ReadOnly="False" ManyToManyRulePrimaryField="" ManyToManyRuleSecondaryField="" IsModified="False" IsBaseField="False" LookupContent="" RedirectContent="" ManyToManyContent="" ManyToManyRuleContent="" >
			<HelpDefault>The class added to the first li of all lists</HelpDefault>
		</Field>
		<Field Name="classItemLast" active="True" AdminOnly="False" Authorable="True" Caption="Last Item Class" DeveloperOnly="False" EditSortPriority="2220" FieldType="Text" HTMLContent="False" IndexColumn="0" IndexSortDirection="" IndexSortOrder="0" IndexWidth="" RedirectID="" RedirectPath="" Required="False" TextBuffered="False" UniqueName="False" DefaultValue="lastItem" RSSTitle="False" RSSDescription="False" MemberSelectGroupID="0" EditTab="Styles" Scramble="False" LookupList="" NotEditable="False" Password="False" ReadOnly="False" ManyToManyRulePrimaryField="" ManyToManyRuleSecondaryField="" IsModified="False" IsBaseField="False" LookupContent="" RedirectContent="" ManyToManyContent="" ManyToManyRuleContent="" >
			<HelpDefault>The class added to the last li of all lists</HelpDefault>
		</Field>
		<Field Name="listStylesFilename" active="True" AdminOnly="False" Authorable="True" Caption="Styles" DeveloperOnly="False" EditSortPriority="2300" FieldType="CSSFile" HTMLContent="False" IndexColumn="0" IndexSortDirection="" IndexSortOrder="0" IndexWidth="" RedirectID="" RedirectPath="" Required="False" TextBuffered="False" UniqueName="False" DefaultValue="" RSSTitle="False" RSSDescription="False" MemberSelectGroupID="0" EditTab="Styles" Scramble="False" LookupList="" NotEditable="False" Password="False" ReadOnly="False" ManyToManyRulePrimaryField="" ManyToManyRuleSecondaryField="" IsModified="False" IsBaseField="False" LookupContent="" RedirectContent="" ManyToManyContent="" ManyToManyRuleContent="" >
			<HelpDefault>When blank, this stylesheet automatically populates with the default styles when the menu first displays. It will be included on every page that includes this menu.</HelpDefault>
		</Field>
		<Field Name="useJsFlyoutCode" active="True" AdminOnly="False" Authorable="True" Caption="Use Javascript Flyout code" DeveloperOnly="False" EditSortPriority="3100" FieldType="Boolean" HTMLContent="False" IndexColumn="0" IndexSortDirection="" IndexSortOrder="0" IndexWidth="" RedirectID="" RedirectPath="" Required="False" TextBuffered="False" UniqueName="False" DefaultValue="0" RSSTitle="False" RSSDescription="False" MemberSelectGroupID="0" EditTab="Javascript" Scramble="False" LookupList="" NotEditable="False" Password="False" ReadOnly="False" ManyToManyRulePrimaryField="" ManyToManyRuleSecondaryField="" IsModified="False" IsBaseField="False" LookupContent="" RedirectContent="" ManyToManyContent="" ManyToManyRuleContent="" >
			<HelpDefault>When checked, tier menus are displayed and blocked with javascript code that manages their position as well. Clear this box if you will use CSS to hide tier menus</HelpDefault>
		</Field>
		<Field Name="classFlyoutParent" active="True" AdminOnly="False" Authorable="True" Caption="Flyout Parent Class" DeveloperOnly="False" EditSortPriority="2240" FieldType="Text" HTMLContent="False" IndexColumn="0" IndexSortDirection="" IndexSortOrder="0" IndexWidth="" RedirectID="" RedirectPath="" Required="False" TextBuffered="False" UniqueName="False" DefaultValue="flyoutParent" RSSTitle="False" RSSDescription="False" MemberSelectGroupID="0" EditTab="Styles" Scramble="False" LookupList="" NotEditable="False" Password="False" ReadOnly="False" ManyToManyRulePrimaryField="" ManyToManyRuleSecondaryField="" IsModified="False" IsBaseField="False" LookupContent="" RedirectContent="" ManyToManyContent="" ManyToManyRuleContent="" >
			<HelpDefault>Added to any menu entry that has a child flyout menu. It could be used to add marked designating there is a child menu.</HelpDefault>
		</Field>
		<Field Name="classItemHover" active="True" AdminOnly="False" Authorable="True" Caption="Hover Item Class" DeveloperOnly="False" EditSortPriority="2230" FieldType="Text" HTMLContent="False" IndexColumn="0" IndexSortDirection="" IndexSortOrder="0" IndexWidth="" RedirectID="" RedirectPath="" Required="False" TextBuffered="False" UniqueName="False" DefaultValue="hoverItem" RSSTitle="False" RSSDescription="False" MemberSelectGroupID="0" EditTab="Styles" Scramble="False" LookupList="" NotEditable="False" Password="False" ReadOnly="False" ManyToManyRulePrimaryField="" ManyToManyRuleSecondaryField="" IsModified="False" IsBaseField="False" LookupContent="" RedirectContent="" ManyToManyContent="" ManyToManyRuleContent="" >
			<HelpDefault>Added to an item when the mouse is hovering over it or any of its parent items.</HelpDefault>
		</Field>
	</CDef>
	<Resource name="arrow.gif" type="www" path="aomenuing" />
	<Resource name="defaultlegacystyles.css" type="content" path="aomenuing" />
	<Resource name="defaultliststyles.css" type="content" path="aomenuing" />
	<Resource name="aomenuing.dll" type="executable" path="" />
</Collection>